	ref_id	start_position	length	VARIANT	gene_region	reads_all	reads_fwd	reads_rev	deletions	freq_del	freq_del_fwd	freq_del_rev	deletions_fwd	deletions_rev	insertions	freq_insert	freq_insert_fwd	freq_insert_rev	insertions_fwd	insertions_rev	stops	freq_stop	freq_stop_fwd	freq_stop_rev	stops_fwd	stops_rev	matches_ref	pos_critical_inserts	pos_critical_dels	homopolymeric	ref_base	cons_id	variant_position_english	variant_diagnosis
0	NC_045512.2	5198	1	deletion	ORF1ab	11	0	11	9	0.8181818181818182	0	0.8181818181818182	0	9	0	0.0	0	0.0	0	0	0	0	0	0	0	0	2	[]	[515, 516, 517, 518, 519, 520, 8267, 19751]	1	b'A'	NC_045512.2	Gap of 1 nucleotide(s) found at refpos 5198	only fwd or rev reads available, deletion supported by the majority of them; homopolymeric; neighboring indels may restore reading frame
1	NC_045512.2	5214	3	stopgain	ORF1ab	11	0	11	0	0.0	0	0.0	0	0	0	0.0	0	0.0	0	0	11	1.0	0	1.0	0	11	11	[]	[]	0	b'T'	NC_045512.2	Early Stopgain found at refpos 5214, aminoacid position 1648	only fwd or rev reads available, stopgain supported by the majority of them
2	NC_045512.2	5256	3	stopgain	ORF1ab	11	0	11	0	0.0	0	0.0	0	0	0	0.0	0	0.0	0	0	11	1.0	0	1.0	0	11	11	[]	[]	0	b'T'	NC_045512.2	Early Stopgain found at refpos 5256, aminoacid position 1662	only fwd or rev reads available, stopgain supported by the majority of them
3	NC_045512.2	5655	3	stopgain	ORF1ab	497	497	0	0	0.0	0.0	0	0	0	0	0.0	0.0	0	0	0	497	1.0	1.0	0	497	0	497	[]	[]	0	b'T'	NC_045512.2	Early Stopgain found at refpos 5655, aminoacid position 1795	only fwd or rev reads available, stopgain supported by the majority of them
4	NC_045512.2	5682	3	stopgain	ORF1ab	496	496	0	0	0.0	0.0	0	0	0	0	0.0	0.0	0	0	0	496	1.0	1.0	0	496	0	496	[]	[]	0	b'T'	NC_045512.2	Early Stopgain found at refpos 5682, aminoacid position 1804	only fwd or rev reads available, stopgain supported by the majority of them
5	NC_045512.2	5781	3	stopgain	ORF1ab	979	488	491	0	0.0	0.0	0.0	0	0	0	0.0	0.0	0.0	0	0	977	0.9979570990806946	0.9979508196721312	0.9979633401221996	487	490	977	[]	[]	0	b'T'	NC_045512.2	Early Stopgain found at refpos 5781, aminoacid position 1837	stopgain supported by majority of fwd and rev reads
6	NC_045512.2	5808	3	stopgain	ORF1ab	933	442	491	0	0.0	0.0	0.0	0	0	0	0.0	0.0	0.0	0	0	932	0.9989281886387996	1.0	0.9979633401221996	442	490	932	[]	[]	0	b'T'	NC_045512.2	Early Stopgain found at refpos 5808, aminoacid position 1846	stopgain supported by majority of fwd and rev reads
7	NC_045512.2	5895	3	stopgain	ORF1ab	497	0	497	0	0.0	0	0.0	0	0	0	0.0	0	0.0	0	0	497	1.0	0	1.0	0	497	497	[]	[]	0	b'T'	NC_045512.2	Early Stopgain found at refpos 5895, aminoacid position 1875	only fwd or rev reads available, stopgain supported by the majority of them
8	NC_045512.2	6348	3	stopgain	ORF1ab	3971	1988	1983	0	0.0	0.0	0.0	0	0	0	0.0	0.0	0.0	0	0	3969	0.9994963485268195	0.9994969818913481	0.9994957135653051	1987	1982	3969	[]	[]	0	b'T'	NC_045512.2	Early Stopgain found at refpos 6348, aminoacid position 2026	stopgain supported by majority of fwd and rev reads
9	NC_045512.2	6396	3	stopgain	ORF1ab	3885	1887	1998	0	0.0	0.0	0.0	0	0	0	0.0	0.0	0.0	0	0	3883	0.9994851994851995	0.9994700582935877	0.9994994994994995	1886	1997	3883	[]	[]	0	b'T'	NC_045512.2	Early Stopgain found at refpos 6396, aminoacid position 2042	stopgain supported by majority of fwd and rev reads
10	NC_045512.2	6417	3	stopgain	ORF1ab	3528	1527	2001	0	0.0	0.0	0.0	0	0	0	0.0	0.0	0.0	0	0	3528	1.0	1.0	1.0	1527	2001	3528	[]	[]	0	b'T'	NC_045512.2	Early Stopgain found at refpos 6417, aminoacid position 2049	stopgain supported by majority of fwd and rev reads
11	NC_045512.2	6462	3	stopgain	ORF1ab	2008	0	2008	0	0.0	0	0.0	0	0	0	0.0	0	0.0	0	0	2008	1.0	0	1.0	0	2008	2008	[]	[]	0	b'T'	NC_045512.2	Early Stopgain found at refpos 6462, aminoacid position 2064	only fwd or rev reads available, stopgain supported by the majority of them
12	NC_045512.2	6480	3	stopgain	ORF1ab	2008	0	2008	0	0.0	0	0.0	0	0	0	0.0	0	0.0	0	0	2008	1.0	0	1.0	0	2008	2008	[]	[]	0	b'T'	NC_045512.2	Early Stopgain found at refpos 6480, aminoacid position 2070	only fwd or rev reads available, stopgain supported by the majority of them
13	NC_045512.2	6516	3	stopgain	ORF1ab	2174	167	2007	0	0.0	0.0	0.0	0	0	0	0.0	0.0	0.0	0	0	2174	1.0	1.0	1.0	167	2007	2174	[]	[]	0	b'T'	NC_045512.2	Early Stopgain found at refpos 6516, aminoacid position 2082	stopgain supported by majority of fwd and rev reads
14	NC_045512.2	6549	3	stopgain	ORF1ab	168	167	1	0	0.0	0.0	0.0	0	0	0	0.0	0.0	0.0	0	0	168	1.0	1.0	1.0	167	1	168	[]	[]	0	b'T'	NC_045512.2	Early Stopgain found at refpos 6549, aminoacid position 2093	stopgain supported by majority of fwd and rev reads
15	NC_045512.2	6564	3	stopgain	ORF1ab	167	167	0	0	0.0	0.0	0	0	0	0	0.0	0.0	0	0	0	167	1.0	1.0	0	167	0	167	[]	[]	0	b'T'	NC_045512.2	Early Stopgain found at refpos 6564, aminoacid position 2098	only fwd or rev reads available, stopgain supported by the majority of them
16	NC_045512.2	6615	3	stopgain	ORF1ab	167	167	0	0	0.0	0.0	0	0	0	0	0.0	0.0	0	0	0	167	1.0	1.0	0	167	0	167	[]	[]	0	b'T'	NC_045512.2	Early Stopgain found at refpos 6615, aminoacid position 2115	only fwd or rev reads available, stopgain supported by the majority of them
17	NC_045512.2	6621	3	stopgain	ORF1ab	176	167	9	0	0.0	0.0	0.0	0	0	0	0.0	0.0	0.0	0	0	176	1.0	1.0	1.0	167	9	176	[]	[]	0	b'T'	NC_045512.2	Early Stopgain found at refpos 6621, aminoacid position 2117	stopgain supported by majority of fwd and rev reads
18	NC_045512.2	6645	3	stopgain	ORF1ab	332	167	165	0	0.0	0.0	0.0	0	0	0	0.0	0.0	0.0	0	0	332	1.0	1.0	1.0	167	165	332	[]	[]	0	b'T'	NC_045512.2	Early Stopgain found at refpos 6645, aminoacid position 2125	stopgain supported by majority of fwd and rev reads
19	NC_045512.2	6678	3	stopgain	ORF1ab	330	165	165	0	0.0	0.0	0.0	0	0	0	0.0	0.0	0.0	0	0	330	1.0	1.0	1.0	165	165	330	[]	[]	0	b'T'	NC_045512.2	Early Stopgain found at refpos 6678, aminoacid position 2136	stopgain supported by majority of fwd and rev reads
20	NC_045512.2	6732	3	stopgain	ORF1ab	166	0	166	0	0.0	0	0.0	0	0	0	0.0	0	0.0	0	0	165	0.9939759036144579	0	0.9939759036144579	0	165	165	[]	[]	0	b'T'	NC_045512.2	Early Stopgain found at refpos 6732, aminoacid position 2154	only fwd or rev reads available, stopgain supported by the majority of them
21	NC_045512.2	6747	3	stopgain	ORF1ab	204	37	167	0	0.0	0.0	0.0	0	0	0	0.0	0.0	0.0	0	0	204	1.0	1.0	1.0	37	167	204	[]	[]	0	b'T'	NC_045512.2	Early Stopgain found at refpos 6747, aminoacid position 2159	stopgain supported by majority of fwd and rev reads
22	NC_045512.2	6858	3	stopgain	ORF1ab	36	36	0	0	0.0	0.0	0	0	0	0	0.0	0.0	0	0	0	36	1.0	1.0	0	36	0	36	[]	[]	0	b'T'	NC_045512.2	Early Stopgain found at refpos 6858, aminoacid position 2196	only fwd or rev reads available, stopgain supported by the majority of them
23	NC_045512.2	6897	3	stopgain	ORF1ab	73	36	37	0	0.0	0.0	0.0	0	0	0	0.0	0.0	0.0	0	0	73	1.0	1.0	1.0	36	37	73	[]	[]	0	b'T'	NC_045512.2	Early Stopgain found at refpos 6897, aminoacid position 2209	stopgain supported by majority of fwd and rev reads
24	NC_045512.2	6918	3	stopgain	ORF1ab	73	36	37	0	0.0	0.0	0.0	0	0	0	0.0	0.0	0.0	0	0	73	1.0	1.0	1.0	36	37	73	[]	[]	0	b'T'	NC_045512.2	Early Stopgain found at refpos 6918, aminoacid position 2216	stopgain supported by majority of fwd and rev reads
25	NC_045512.2	6942	3	stopgain	ORF1ab	73	36	37	0	0.0	0.0	0.0	0	0	0	0.0	0.0	0.0	0	0	73	1.0	1.0	1.0	36	37	73	[]	[]	0	b'T'	NC_045512.2	Early Stopgain found at refpos 6942, aminoacid position 2224	stopgain supported by majority of fwd and rev reads
26	NC_045512.2	6945	3	stopgain	ORF1ab	73	36	37	0	0.0	0.0	0.0	0	0	0	0.0	0.0	0.0	0	0	73	1.0	1.0	1.0	36	37	73	[]	[]	0	b'T'	NC_045512.2	Early Stopgain found at refpos 6945, aminoacid position 2225	stopgain supported by majority of fwd and rev reads
27	NC_045512.2	6954	3	stopgain	ORF1ab	73	36	37	0	0.0	0.0	0.0	0	0	0	0.0	0.0	0.0	0	0	73	1.0	1.0	1.0	36	37	73	[]	[]	0	b'T'	NC_045512.2	Early Stopgain found at refpos 6954, aminoacid position 2228	stopgain supported by majority of fwd and rev reads
28	NC_045512.2	6972	3	stopgain	ORF1ab	37	0	37	0	0.0	0	0.0	0	0	0	0.0	0	0.0	0	0	37	1.0	0	1.0	0	37	37	[]	[]	0	b'T'	NC_045512.2	Early Stopgain found at refpos 6972, aminoacid position 2234	only fwd or rev reads available, stopgain supported by the majority of them
29	NC_045512.2	6984	3	stopgain	ORF1ab	37	0	37	0	0.0	0	0.0	0	0	0	0.0	0	0.0	0	0	37	1.0	0	1.0	0	37	37	[]	[]	0	b'T'	NC_045512.2	Early Stopgain found at refpos 6984, aminoacid position 2238	only fwd or rev reads available, stopgain supported by the majority of them
30	NC_045512.2	6993	3	stopgain	ORF1ab	37	0	37	0	0.0	0	0.0	0	0	0	0.0	0	0.0	0	0	37	1.0	0	1.0	0	37	37	[]	[]	0	b'T'	NC_045512.2	Early Stopgain found at refpos 6993, aminoacid position 2241	only fwd or rev reads available, stopgain supported by the majority of them
31	NC_045512.2	7014	3	stopgain	ORF1ab	37	0	37	0	0.0	0	0.0	0	0	0	0.0	0	0.0	0	0	37	1.0	0	1.0	0	37	37	[]	[]	0	b'T'	NC_045512.2	Early Stopgain found at refpos 7014, aminoacid position 2248	only fwd or rev reads available, stopgain supported by the majority of them
32	NC_045512.2	7023	3	stopgain	ORF1ab	37	0	37	0	0.0	0	0.0	0	0	0	0.0	0	0.0	0	0	37	1.0	0	1.0	0	37	37	[]	[]	0	b'T'	NC_045512.2	Early Stopgain found at refpos 7023, aminoacid position 2251	only fwd or rev reads available, stopgain supported by the majority of them
33	NC_045512.2	7035	3	stopgain	ORF1ab	37	0	37	0	0.0	0	0.0	0	0	0	0.0	0	0.0	0	0	37	1.0	0	1.0	0	37	37	[]	[]	0	b'T'	NC_045512.2	Early Stopgain found at refpos 7035, aminoacid position 2255	only fwd or rev reads available, stopgain supported by the majority of them
34	NC_045512.2	7077	3	stopgain	ORF1ab	72	35	37	0	0.0	0.0	0.0	0	0	0	0.0	0.0	0.0	0	0	71	0.9861111111111112	1.0	0.972972972972973	35	36	71	[]	[]	0	b'T'	NC_045512.2	Early Stopgain found at refpos 7077, aminoacid position 2269	stopgain supported by majority of fwd and rev reads
35	NC_045512.2	7149	3	stopgain	ORF1ab	34	34	0	0	0.0	0.0	0	0	0	0	0.0	0.0	0	0	0	34	1.0	1.0	0	34	0	34	[]	[]	0	b'T'	NC_045512.2	Early Stopgain found at refpos 7149, aminoacid position 2293	only fwd or rev reads available, stopgain supported by the majority of them
36	NC_045512.2	7158	3	stopgain	ORF1ab	34	34	0	0	0.0	0.0	0	0	0	0	0.0	0.0	0	0	0	34	1.0	1.0	0	34	0	34	[]	[]	0	b'T'	NC_045512.2	Early Stopgain found at refpos 7158, aminoacid position 2296	only fwd or rev reads available, stopgain supported by the majority of them
37	NC_045512.2	7176	3	stopgain	ORF1ab	67	34	33	0	0.0	0.0	0.0	0	0	0	0.0	0.0	0.0	0	0	67	1.0	1.0	1.0	34	33	67	[]	[]	0	b'T'	NC_045512.2	Early Stopgain found at refpos 7176, aminoacid position 2302	stopgain supported by majority of fwd and rev reads
38	NC_045512.2	7218	3	stopgain	ORF1ab	69	34	35	0	0.0	0.0	0.0	0	0	0	0.0	0.0	0.0	0	0	69	1.0	1.0	1.0	34	35	69	[]	[]	0	b'T'	NC_045512.2	Early Stopgain found at refpos 7218, aminoacid position 2316	stopgain supported by majority of fwd and rev reads
39	NC_045512.2	7233	3	stopgain	ORF1ab	69	34	35	0	0.0	0.0	0.0	0	0	0	0.0	0.0	0.0	0	0	69	1.0	1.0	1.0	34	35	69	[]	[]	0	b'T'	NC_045512.2	Early Stopgain found at refpos 7233, aminoacid position 2321	stopgain supported by majority of fwd and rev reads
40	NC_045512.2	7365	3	stopgain	ORF1ab	35	0	35	0	0.0	0	0.0	0	0	0	0.0	0	0.0	0	0	35	1.0	0	1.0	0	35	35	[]	[]	0	b'T'	NC_045512.2	Early Stopgain found at refpos 7365, aminoacid position 2365	only fwd or rev reads available, stopgain supported by the majority of them
41	NC_045512.2	7368	3	stopgain	ORF1ab	35	0	35	0	0.0	0	0.0	0	0	0	0.0	0	0.0	0	0	35	1.0	0	1.0	0	35	35	[]	[]	0	b'T'	NC_045512.2	Early Stopgain found at refpos 7368, aminoacid position 2366	only fwd or rev reads available, stopgain supported by the majority of them
42	NC_045512.2	7980	3	stopgain	ORF1ab	562	562	0	0	0.0	0.0	0	0	0	0	0.0	0.0	0	0	0	562	1.0	1.0	0	562	0	562	[]	[]	0	b'T'	NC_045512.2	Early Stopgain found at refpos 7980, aminoacid position 2570	only fwd or rev reads available, stopgain supported by the majority of them
43	NC_045512.2	7992	3	stopgain	ORF1ab	562	562	0	0	0.0	0.0	0	0	0	0	0.0	0.0	0	0	0	562	1.0	1.0	0	562	0	562	[]	[]	0	b'T'	NC_045512.2	Early Stopgain found at refpos 7992, aminoacid position 2574	only fwd or rev reads available, stopgain supported by the majority of them
44	NC_045512.2	8100	3	stopgain	ORF1ab	1056	560	496	0	0.0	0.0	0.0	0	0	0	0.0	0.0	0.0	0	0	1056	1.0	1.0	1.0	560	496	1056	[]	[]	0	b'T'	NC_045512.2	Early Stopgain found at refpos 8100, aminoacid position 2610	stopgain supported by majority of fwd and rev reads
45	NC_045512.2	8142	3	stopgain	ORF1ab	1112	558	554	0	0.0	0.0	0.0	0	0	0	0.0	0.0	0.0	0	0	1112	1.0	1.0	1.0	558	554	1112	[]	[]	0	b'T'	NC_045512.2	Early Stopgain found at refpos 8142, aminoacid position 2624	stopgain supported by majority of fwd and rev reads
46	NC_045512.2	8202	3	stopgain	ORF1ab	558	0	558	0	0.0	0	0.0	0	0	0	0.0	0	0.0	0	0	557	0.9982078853046595	0	0.9982078853046595	0	557	557	[]	[]	0	b'T'	NC_045512.2	Early Stopgain found at refpos 8202, aminoacid position 2644	only fwd or rev reads available, stopgain supported by the majority of them
47	NC_045512.2	8253	3	stopgain	ORF1ab	561	0	561	0	0.0	0	0.0	0	0	0	0.0	0	0.0	0	0	561	1.0	0	1.0	0	561	561	[]	[]	0	b'T'	NC_045512.2	Early Stopgain found at refpos 8253, aminoacid position 2661	only fwd or rev reads available, stopgain supported by the majority of them
48	NC_045512.2	8267	1	deletion	ORF1ab	562	0	562	562	1.0	0	1.0	0	562	0	0.0	0	0.0	0	0	0	0	0	0	0	0	0	[]	[515, 516, 517, 518, 519, 520, 5198, 19751]	1	b'G'	NC_045512.2	Gap of 1 nucleotide(s) found at refpos 8267	only fwd or rev reads available, deletion supported by the majority of them; homopolymeric; neighboring indels may restore reading frame
49	NC_045512.2	8269	3	stopgain	ORF1ab	562	0	562	0	0.0	0	0.0	0	0	0	0.0	0	0.0	0	0	562	1.0	0	1.0	0	562	562	[]	[]	0	b'T'	NC_045512.2	Early Stopgain found at refpos 8269, aminoacid position 2666	only fwd or rev reads available, stopgain supported by the majority of them
50	NC_045512.2	8275	3	stopgain	ORF1ab	562	0	562	0	0.0	0	0.0	0	0	0	0.0	0	0.0	0	0	561	0.998220640569395	0	0.998220640569395	0	561	561	[]	[]	0	b'T'	NC_045512.2	Early Stopgain found at refpos 8275, aminoacid position 2668	only fwd or rev reads available, stopgain supported by the majority of them
51	NC_045512.2	8278	3	stopgain	ORF1ab	594	32	562	0	0.0	0.0	0.0	0	0	0	0.0	0.0	0.0	0	0	594	1.0	1.0	1.0	32	562	594	[]	[]	0	b'T'	NC_045512.2	Early Stopgain found at refpos 8278, aminoacid position 2669	stopgain supported by majority of fwd and rev reads
52	NC_045512.2	8296	3	stopgain	ORF1ab	594	32	562	0	0.0	0.0	0.0	0	0	0	0.0	0.0	0.0	0	0	593	0.9983164983164983	1.0	0.998220640569395	32	561	593	[]	[]	0	b'T'	NC_045512.2	Early Stopgain found at refpos 8296, aminoacid position 2675	stopgain supported by majority of fwd and rev reads
53	NC_045512.2	8305	3	stopgain	ORF1ab	594	32	562	0	0.0	0.0	0.0	0	0	0	0.0	0.0	0.0	0	0	594	1.0	1.0	1.0	32	562	594	[]	[]	0	b'T'	NC_045512.2	Early Stopgain found at refpos 8305, aminoacid position 2678	stopgain supported by majority of fwd and rev reads
54	NC_045512.2	8323	3	stopgain	ORF1ab	32	32	0	0	0.0	0.0	0	0	0	0	0.0	0.0	0	0	0	32	1.0	1.0	0	32	0	32	[]	[]	0	b'T'	NC_045512.2	Early Stopgain found at refpos 8323, aminoacid position 2684	only fwd or rev reads available, stopgain supported by the majority of them
55	NC_045512.2	8341	3	stopgain	ORF1ab	32	32	0	0	0.0	0.0	0	0	0	0	0.0	0.0	0	0	0	32	1.0	1.0	0	32	0	32	[]	[]	0	b'T'	NC_045512.2	Early Stopgain found at refpos 8341, aminoacid position 2690	only fwd or rev reads available, stopgain supported by the majority of them
56	NC_045512.2	8347	3	stopgain	ORF1ab	32	32	0	0	0.0	0.0	0	0	0	0	0.0	0.0	0	0	0	32	1.0	1.0	0	32	0	32	[]	[]	0	b'T'	NC_045512.2	Early Stopgain found at refpos 8347, aminoacid position 2692	only fwd or rev reads available, stopgain supported by the majority of them
57	NC_045512.2	8362	3	stopgain	ORF1ab	32	32	0	0	0.0	0.0	0	0	0	0	0.0	0.0	0	0	0	32	1.0	1.0	0	32	0	32	[]	[]	0	b'T'	NC_045512.2	Early Stopgain found at refpos 8362, aminoacid position 2697	only fwd or rev reads available, stopgain supported by the majority of them
58	NC_045512.2	8410	3	stopgain	ORF1ab	34	32	2	0	0.0	0.0	0.0	0	0	0	0.0	0.0	0.0	0	0	34	1.0	1.0	1.0	32	2	34	[]	[]	0	b'T'	NC_045512.2	Early Stopgain found at refpos 8410, aminoacid position 2713	stopgain supported by majority of fwd and rev reads
59	NC_045512.2	8431	3	stopgain	ORF1ab	64	32	32	0	0.0	0.0	0.0	0	0	0	0.0	0.0	0.0	0	0	64	1.0	1.0	1.0	32	32	64	[]	[]	0	b'T'	NC_045512.2	Early Stopgain found at refpos 8431, aminoacid position 2720	stopgain supported by majority of fwd and rev reads
60	NC_045512.2	8455	3	stopgain	ORF1ab	63	31	32	0	0.0	0.0	0.0	0	0	0	0.0	0.0	0.0	0	0	63	1.0	1.0	1.0	31	32	63	[]	[]	0	b'T'	NC_045512.2	Early Stopgain found at refpos 8455, aminoacid position 2728	stopgain supported by majority of fwd and rev reads
61	NC_045512.2	8464	3	stopgain	ORF1ab	63	31	32	0	0.0	0.0	0.0	0	0	0	0.0	0.0	0.0	0	0	63	1.0	1.0	1.0	31	32	63	[]	[]	0	b'T'	NC_045512.2	Early Stopgain found at refpos 8464, aminoacid position 2731	stopgain supported by majority of fwd and rev reads
62	NC_045512.2	8473	3	stopgain	ORF1ab	62	30	32	0	0.0	0.0	0.0	0	0	0	0.0	0.0	0.0	0	0	62	1.0	1.0	1.0	30	32	62	[]	[]	0	b'T'	NC_045512.2	Early Stopgain found at refpos 8473, aminoacid position 2734	stopgain supported by majority of fwd and rev reads
63	NC_045512.2	8485	3	stopgain	ORF1ab	62	30	32	0	0.0	0.0	0.0	0	0	0	0.0	0.0	0.0	0	0	62	1.0	1.0	1.0	30	32	62	[]	[]	0	b'T'	NC_045512.2	Early Stopgain found at refpos 8485, aminoacid position 2738	stopgain supported by majority of fwd and rev reads
64	NC_045512.2	8506	3	stopgain	ORF1ab	32	0	32	0	0.0	0	0.0	0	0	0	0.0	0	0.0	0	0	32	1.0	0	1.0	0	32	32	[]	[]	0	b'T'	NC_045512.2	Early Stopgain found at refpos 8506, aminoacid position 2745	only fwd or rev reads available, stopgain supported by the majority of them
65	NC_045512.2	8518	3	stopgain	ORF1ab	32	0	32	0	0.0	0	0.0	0	0	0	0.0	0	0.0	0	0	32	1.0	0	1.0	0	32	32	[]	[]	0	b'T'	NC_045512.2	Early Stopgain found at refpos 8518, aminoacid position 2749	only fwd or rev reads available, stopgain supported by the majority of them
66	NC_045512.2	8545	3	stopgain	ORF1ab	32	0	32	0	0.0	0	0.0	0	0	0	0.0	0	0.0	0	0	32	1.0	0	1.0	0	32	32	[]	[]	0	b'T'	NC_045512.2	Early Stopgain found at refpos 8545, aminoacid position 2758	only fwd or rev reads available, stopgain supported by the majority of them
67	NC_045512.2	8554	3	stopgain	ORF1ab	32	0	32	0	0.0	0	0.0	0	0	0	0.0	0	0.0	0	0	32	1.0	0	1.0	0	32	32	[]	[]	0	b'T'	NC_045512.2	Early Stopgain found at refpos 8554, aminoacid position 2761	only fwd or rev reads available, stopgain supported by the majority of them
68	NC_045512.2	8563	3	stopgain	ORF1ab	32	0	32	0	0.0	0	0.0	0	0	0	0.0	0	0.0	0	0	32	1.0	0	1.0	0	32	32	[]	[]	0	b'T'	NC_045512.2	Early Stopgain found at refpos 8563, aminoacid position 2764	only fwd or rev reads available, stopgain supported by the majority of them
69	NC_045512.2	8566	3	stopgain	ORF1ab	32	0	32	0	0.0	0	0.0	0	0	0	0.0	0	0.0	0	0	32	1.0	0	1.0	0	32	32	[]	[]	0	b'T'	NC_045512.2	Early Stopgain found at refpos 8566, aminoacid position 2765	only fwd or rev reads available, stopgain supported by the majority of them
70	NC_045512.2	8587	3	stopgain	ORF1ab	32	0	32	0	0.0	0	0.0	0	0	0	0.0	0	0.0	0	0	32	1.0	0	1.0	0	32	32	[]	[]	0	b'T'	NC_045512.2	Early Stopgain found at refpos 8587, aminoacid position 2772	only fwd or rev reads available, stopgain supported by the majority of them
71	NC_045512.2	9232	3	stopgain	ORF1ab	186	186	0	0	0.0	0.0	0	0	0	0	0.0	0.0	0	0	0	186	1.0	1.0	0	186	0	186	[]	[]	0	b'T'	NC_045512.2	Early Stopgain found at refpos 9232, aminoacid position 2987	only fwd or rev reads available, stopgain supported by the majority of them
72	NC_045512.2	9265	3	stopgain	ORF1ab	188	188	0	0	0.0	0.0	0	0	0	0	0.0	0.0	0	0	0	188	1.0	1.0	0	188	0	188	[]	[]	0	b'T'	NC_045512.2	Early Stopgain found at refpos 9265, aminoacid position 2998	only fwd or rev reads available, stopgain supported by the majority of them
73	NC_045512.2	9271	3	stopgain	ORF1ab	188	188	0	0	0.0	0.0	0	0	0	0	0.0	0.0	0	0	0	188	1.0	1.0	0	188	0	188	[]	[]	0	b'T'	NC_045512.2	Early Stopgain found at refpos 9271, aminoacid position 3000	only fwd or rev reads available, stopgain supported by the majority of them
74	NC_045512.2	9283	3	stopgain	ORF1ab	188	188	0	0	0.0	0.0	0	0	0	0	0.0	0.0	0	0	0	188	1.0	1.0	0	188	0	188	[]	[]	0	b'T'	NC_045512.2	Early Stopgain found at refpos 9283, aminoacid position 3004	only fwd or rev reads available, stopgain supported by the majority of them
75	NC_045512.2	9289	3	stopgain	ORF1ab	188	188	0	0	0.0	0.0	0	0	0	0	0.0	0.0	0	0	0	188	1.0	1.0	0	188	0	188	[]	[]	0	b'T'	NC_045512.2	Early Stopgain found at refpos 9289, aminoacid position 3006	only fwd or rev reads available, stopgain supported by the majority of them
76	NC_045512.2	9349	3	stopgain	ORF1ab	366	186	180	0	0.0	0.0	0.0	0	0	0	0.0	0.0	0.0	0	0	366	1.0	1.0	1.0	186	180	366	[]	[]	0	b'T'	NC_045512.2	Early Stopgain found at refpos 9349, aminoacid position 3026	stopgain supported by majority of fwd and rev reads
77	NC_045512.2	9466	3	stopgain	ORF1ab	186	0	186	0	0.0	0	0.0	0	0	0	0.0	0	0.0	0	0	186	1.0	0	1.0	0	186	186	[]	[]	0	b'T'	NC_045512.2	Early Stopgain found at refpos 9466, aminoacid position 3065	only fwd or rev reads available, stopgain supported by the majority of them
78	NC_045512.2	9481	3	stopgain	ORF1ab	190	4	186	0	0.0	0.0	0.0	0	0	0	0.0	0.0	0.0	0	0	190	1.0	1.0	1.0	4	186	190	[]	[]	0	b'T'	NC_045512.2	Early Stopgain found at refpos 9481, aminoacid position 3070	stopgain supported by majority of fwd and rev reads
79	NC_045512.2	9505	3	stopgain	ORF1ab	1642	1456	186	0	0.0	0.0	0.0	0	0	0	0.0	0.0	0.0	0	0	1642	1.0	1.0	1.0	1456	186	1642	[]	[]	0	b'T'	NC_045512.2	Early Stopgain found at refpos 9505, aminoacid position 3078	stopgain supported by majority of fwd and rev reads
80	NC_045512.2	9616	3	stopgain	ORF1ab	2732	1450	1282	0	0.0	0.0	0.0	0	0	0	0.0	0.0	0.0	0	0	2732	1.0	1.0	1.0	1450	1282	2732	[]	[]	0	b'T'	NC_045512.2	Early Stopgain found at refpos 9616, aminoacid position 3115	stopgain supported by majority of fwd and rev reads
81	NC_045512.2	9619	3	stopgain	ORF1ab	2779	1449	1330	0	0.0	0.0	0.0	0	0	0	0.0	0.0	0.0	0	0	2779	1.0	1.0	1.0	1449	1330	2779	[]	[]	0	b'T'	NC_045512.2	Early Stopgain found at refpos 9619, aminoacid position 3116	stopgain supported by majority of fwd and rev reads
82	NC_045512.2	9736	3	stopgain	ORF1ab	1459	4	1455	0	0.0	0.0	0.0	0	0	0	0.0	0.0	0.0	0	0	1458	0.9993145990404386	1.0	0.9993127147766323	4	1454	1458	[]	[]	0	b'T'	NC_045512.2	Early Stopgain found at refpos 9736, aminoacid position 3155	stopgain supported by majority of fwd and rev reads
83	NC_045512.2	9739	3	stopgain	ORF1ab	1455	0	1455	0	0.0	0	0.0	0	0	0	0.0	0	0.0	0	0	1454	0.9993127147766323	0	0.9993127147766323	0	1454	1454	[]	[]	0	b'T'	NC_045512.2	Early Stopgain found at refpos 9739, aminoacid position 3156	only fwd or rev reads available, stopgain supported by the majority of them
84	NC_045512.2	9766	3	stopgain	ORF1ab	1457	0	1457	0	0.0	0	0.0	0	0	0	0.0	0	0.0	0	0	1457	1.0	0	1.0	0	1457	1457	[]	[]	0	b'T'	NC_045512.2	Early Stopgain found at refpos 9766, aminoacid position 3165	only fwd or rev reads available, stopgain supported by the majority of them
85	NC_045512.2	9781	3	stopgain	ORF1ab	1459	0	1459	0	0.0	0	0.0	0	0	0	0.0	0	0.0	0	0	1459	1.0	0	1.0	0	1459	1459	[]	[]	0	b'T'	NC_045512.2	Early Stopgain found at refpos 9781, aminoacid position 3170	only fwd or rev reads available, stopgain supported by the majority of them
86	NC_045512.2	9790	3	stopgain	ORF1ab	1459	0	1459	0	0.0	0	0.0	0	0	0	0.0	0	0.0	0	0	1459	1.0	0	1.0	0	1459	1459	[]	[]	0	b'T'	NC_045512.2	Early Stopgain found at refpos 9790, aminoacid position 3173	only fwd or rev reads available, stopgain supported by the majority of them
87	NC_045512.2	9823	3	stopgain	ORF1ab	1468	8	1460	0	0.0	0.0	0.0	0	0	0	0.0	0.0	0.0	0	0	1468	1.0	1.0	1.0	8	1460	1468	[]	[]	0	b'T'	NC_045512.2	Early Stopgain found at refpos 9823, aminoacid position 3184	stopgain supported by majority of fwd and rev reads
88	NC_045512.2	9937	3	stopgain	ORF1ab	14	8	6	0	0.0	0.0	0.0	0	0	0	0.0	0.0	0.0	0	0	14	1.0	1.0	1.0	8	6	14	[]	[]	0	b'T'	NC_045512.2	Early Stopgain found at refpos 9937, aminoacid position 3222	stopgain supported by majority of fwd and rev reads
89	NC_045512.2	9982	3	stopgain	ORF1ab	15	8	7	0	0.0	0.0	0.0	0	0	0	0.0	0.0	0.0	0	0	15	1.0	1.0	1.0	8	7	15	[]	[]	0	b'T'	NC_045512.2	Early Stopgain found at refpos 9982, aminoacid position 3237	stopgain supported by majority of fwd and rev reads
90	NC_045512.2	9991	3	stopgain	ORF1ab	15	8	7	0	0.0	0.0	0.0	0	0	0	0.0	0.0	0.0	0	0	15	1.0	1.0	1.0	8	7	15	[]	[]	0	b'T'	NC_045512.2	Early Stopgain found at refpos 9991, aminoacid position 3240	stopgain supported by majority of fwd and rev reads
91	NC_045512.2	10003	3	stopgain	ORF1ab	15	8	7	0	0.0	0.0	0.0	0	0	0	0.0	0.0	0.0	0	0	15	1.0	1.0	1.0	8	7	15	[]	[]	0	b'T'	NC_045512.2	Early Stopgain found at refpos 10003, aminoacid position 3244	stopgain supported by majority of fwd and rev reads
92	NC_045512.2	11677	3	stopgain	ORF1ab	142	142	0	0	0.0	0.0	0	0	0	0	0.0	0.0	0	0	0	142	1.0	1.0	0	142	0	142	[]	[]	0	b'T'	NC_045512.2	Early Stopgain found at refpos 11677, aminoacid position 3802	only fwd or rev reads available, stopgain supported by the majority of them
93	NC_045512.2	11698	3	stopgain	ORF1ab	150	142	8	0	0.0	0.0	0.0	0	0	0	0.0	0.0	0.0	0	0	150	1.0	1.0	1.0	142	8	150	[]	[]	0	b'T'	NC_045512.2	Early Stopgain found at refpos 11698, aminoacid position 3809	stopgain supported by majority of fwd and rev reads
94	NC_045512.2	11725	3	stopgain	ORF1ab	277	141	136	0	0.0	0.0	0.0	0	0	0	0.0	0.0	0.0	0	0	277	1.0	1.0	1.0	141	136	277	[]	[]	0	b'T'	NC_045512.2	Early Stopgain found at refpos 11725, aminoacid position 3818	stopgain supported by majority of fwd and rev reads
95	NC_045512.2	11764	3	stopgain	ORF1ab	278	138	140	0	0.0	0.0	0.0	0	0	0	0.0	0.0	0.0	0	0	278	1.0	1.0	1.0	138	140	278	[]	[]	0	b'T'	NC_045512.2	Early Stopgain found at refpos 11764, aminoacid position 3831	stopgain supported by majority of fwd and rev reads
96	NC_045512.2	11791	3	stopgain	ORF1ab	270	129	141	0	0.0	0.0	0.0	0	0	0	0.0	0.0	0.0	0	0	270	1.0	1.0	1.0	129	141	270	[]	[]	0	b'T'	NC_045512.2	Early Stopgain found at refpos 11791, aminoacid position 3840	stopgain supported by majority of fwd and rev reads
97	NC_045512.2	11845	3	stopgain	ORF1ab	141	0	141	0	0.0	0	0.0	0	0	0	0.0	0	0.0	0	0	141	1.0	0	1.0	0	141	141	[]	[]	0	b'T'	NC_045512.2	Early Stopgain found at refpos 11845, aminoacid position 3858	only fwd or rev reads available, stopgain supported by the majority of them
98	NC_045512.2	11920	3	stopgain	ORF1ab	142	0	142	0	0.0	0	0.0	0	0	0	0.0	0	0.0	0	0	142	1.0	0	1.0	0	142	142	[]	[]	0	b'T'	NC_045512.2	Early Stopgain found at refpos 11920, aminoacid position 3883	only fwd or rev reads available, stopgain supported by the majority of them
99	NC_045512.2	12157	3	stopgain	ORF1ab	263	263	0	0	0.0	0.0	0	0	0	0	0.0	0.0	0	0	0	263	1.0	1.0	0	263	0	263	[]	[]	0	b'T'	NC_045512.2	Early Stopgain found at refpos 12157, aminoacid position 3962	only fwd or rev reads available, stopgain supported by the majority of them
100	NC_045512.2	12172	3	stopgain	ORF1ab	262	262	0	0	0.0	0.0	0	0	0	0	0.0	0.0	0	0	0	262	1.0	1.0	0	262	0	262	[]	[]	0	b'T'	NC_045512.2	Early Stopgain found at refpos 12172, aminoacid position 3967	only fwd or rev reads available, stopgain supported by the majority of them
101	NC_045512.2	12178	3	stopgain	ORF1ab	262	262	0	0	0.0	0.0	0	0	0	0	0.0	0.0	0	0	0	261	0.9961832061068703	0.9961832061068703	0	261	0	261	[]	[]	0	b'T'	NC_045512.2	Early Stopgain found at refpos 12178, aminoacid position 3969	only fwd or rev reads available, stopgain supported by the majority of them
102	NC_045512.2	12184	3	stopgain	ORF1ab	262	262	0	0	0.0	0.0	0	0	0	0	0.0	0.0	0	0	0	262	1.0	1.0	0	262	0	262	[]	[]	0	b'T'	NC_045512.2	Early Stopgain found at refpos 12184, aminoacid position 3971	only fwd or rev reads available, stopgain supported by the majority of them
103	NC_045512.2	12196	3	stopgain	ORF1ab	261	261	0	0	0.0	0.0	0	0	0	0	0.0	0.0	0	0	0	261	1.0	1.0	0	261	0	261	[]	[]	0	b'T'	NC_045512.2	Early Stopgain found at refpos 12196, aminoacid position 3975	only fwd or rev reads available, stopgain supported by the majority of them
104	NC_045512.2	12226	3	stopgain	ORF1ab	260	260	0	0	0.0	0.0	0	0	0	0	0.0	0.0	0	0	0	260	1.0	1.0	0	260	0	260	[]	[]	0	b'T'	NC_045512.2	Early Stopgain found at refpos 12226, aminoacid position 3985	only fwd or rev reads available, stopgain supported by the majority of them
105	NC_045512.2	12232	3	stopgain	ORF1ab	260	260	0	0	0.0	0.0	0	0	0	0	0.0	0.0	0	0	0	260	1.0	1.0	0	260	0	260	[]	[]	0	b'T'	NC_045512.2	Early Stopgain found at refpos 12232, aminoacid position 3987	only fwd or rev reads available, stopgain supported by the majority of them
106	NC_045512.2	12238	3	stopgain	ORF1ab	269	260	9	0	0.0	0.0	0.0	0	0	0	0.0	0.0	0.0	0	0	269	1.0	1.0	1.0	260	9	269	[]	[]	0	b'T'	NC_045512.2	Early Stopgain found at refpos 12238, aminoacid position 3989	stopgain supported by majority of fwd and rev reads
107	NC_045512.2	12244	3	stopgain	ORF1ab	480	260	220	0	0.0	0.0	0.0	0	0	0	0.0	0.0	0.0	0	0	480	1.0	1.0	1.0	260	220	480	[]	[]	0	b'T'	NC_045512.2	Early Stopgain found at refpos 12244, aminoacid position 3991	stopgain supported by majority of fwd and rev reads
108	NC_045512.2	12262	3	stopgain	ORF1ab	510	260	250	0	0.0	0.0	0.0	0	0	0	0.0	0.0	0.0	0	0	510	1.0	1.0	1.0	260	250	510	[]	[]	0	b'T'	NC_045512.2	Early Stopgain found at refpos 12262, aminoacid position 3997	stopgain supported by majority of fwd and rev reads
109	NC_045512.2	12280	3	stopgain	ORF1ab	516	258	258	0	0.0	0.0	0.0	0	0	0	0.0	0.0	0.0	0	0	516	1.0	1.0	1.0	258	258	516	[]	[]	0	b'T'	NC_045512.2	Early Stopgain found at refpos 12280, aminoacid position 4003	stopgain supported by majority of fwd and rev reads
110	NC_045512.2	12304	3	stopgain	ORF1ab	514	256	258	0	0.0	0.0	0.0	0	0	0	0.0	0.0	0.0	0	0	514	1.0	1.0	1.0	256	258	514	[]	[]	0	b'T'	NC_045512.2	Early Stopgain found at refpos 12304, aminoacid position 4011	stopgain supported by majority of fwd and rev reads
111	NC_045512.2	12313	3	stopgain	ORF1ab	514	254	260	0	0.0	0.0	0.0	0	0	0	0.0	0.0	0.0	0	0	514	1.0	1.0	1.0	254	260	514	[]	[]	0	b'T'	NC_045512.2	Early Stopgain found at refpos 12313, aminoacid position 4014	stopgain supported by majority of fwd and rev reads
112	NC_045512.2	12319	3	stopgain	ORF1ab	513	253	260	0	0.0	0.0	0.0	0	0	0	0.0	0.0	0.0	0	0	513	1.0	1.0	1.0	253	260	513	[]	[]	0	b'T'	NC_045512.2	Early Stopgain found at refpos 12319, aminoacid position 4016	stopgain supported by majority of fwd and rev reads
113	NC_045512.2	12343	3	stopgain	ORF1ab	506	244	262	0	0.0	0.0	0.0	0	0	0	0.0	0.0	0.0	0	0	506	1.0	1.0	1.0	244	262	506	[]	[]	0	b'T'	NC_045512.2	Early Stopgain found at refpos 12343, aminoacid position 4024	stopgain supported by majority of fwd and rev reads
114	NC_045512.2	12376	3	stopgain	ORF1ab	263	0	263	0	0.0	0	0.0	0	0	0	0.0	0	0.0	0	0	263	1.0	0	1.0	0	263	263	[]	[]	0	b'T'	NC_045512.2	Early Stopgain found at refpos 12376, aminoacid position 4035	only fwd or rev reads available, stopgain supported by the majority of them
115	NC_045512.2	12388	3	stopgain	ORF1ab	263	0	263	0	0.0	0	0.0	0	0	0	0.0	0	0.0	0	0	262	0.9961977186311787	0	0.9961977186311787	0	262	262	[]	[]	0	b'T'	NC_045512.2	Early Stopgain found at refpos 12388, aminoacid position 4039	only fwd or rev reads available, stopgain supported by the majority of them
116	NC_045512.2	12391	3	stopgain	ORF1ab	263	0	263	0	0.0	0	0.0	0	0	0	0.0	0	0.0	0	0	263	1.0	0	1.0	0	263	263	[]	[]	0	b'T'	NC_045512.2	Early Stopgain found at refpos 12391, aminoacid position 4040	only fwd or rev reads available, stopgain supported by the majority of them
117	NC_045512.2	13360	3	stopgain	ORF1ab	45	45	0	0	0.0	0.0	0	0	0	0	0.0	0.0	0	0	0	45	1.0	1.0	0	45	0	45	[]	[]	0	b'T'	NC_045512.2	Early Stopgain found at refpos 13360, aminoacid position 4363	only fwd or rev reads available, stopgain supported by the majority of them
118	NC_045512.2	13408	3	stopgain	ORF1ab	45	45	0	0	0.0	0.0	0	0	0	0	0.0	0.0	0	0	0	45	1.0	1.0	0	45	0	45	[]	[]	0	b'T'	NC_045512.2	Early Stopgain found at refpos 13408, aminoacid position 4379	only fwd or rev reads available, stopgain supported by the majority of them
119	NC_045512.2	13414	3	stopgain	ORF1ab	45	45	0	0	0.0	0.0	0	0	0	0	0.0	0.0	0	0	0	45	1.0	1.0	0	45	0	45	[]	[]	0	b'T'	NC_045512.2	Early Stopgain found at refpos 13414, aminoacid position 4381	only fwd or rev reads available, stopgain supported by the majority of them
120	NC_045512.2	13447	3	stopgain	ORF1ab	87	45	42	0	0.0	0.0	0.0	0	0	0	0.0	0.0	0.0	0	0	87	1.0	1.0	1.0	45	42	87	[]	[]	0	b'T'	NC_045512.2	Early Stopgain found at refpos 13447, aminoacid position 4392	stopgain supported by majority of fwd and rev reads
121	NC_045512.2	13518	3	stopgain	ORF1ab	89	45	44	0	0.0	0.0	0.0	0	0	0	0.0	0.0	0.0	0	0	89	1.0	1.0	1.0	45	44	89	[]	[]	0	b'T'	NC_045512.2	Early Stopgain found at refpos 13518, aminoacid position 4416	stopgain supported by majority of fwd and rev reads
122	NC_045512.2	13524	3	stopgain	ORF1ab	89	45	44	0	0.0	0.0	0.0	0	0	0	0.0	0.0	0.0	0	0	89	1.0	1.0	1.0	45	44	89	[]	[]	0	b'T'	NC_045512.2	Early Stopgain found at refpos 13524, aminoacid position 4418	stopgain supported by majority of fwd and rev reads
123	NC_045512.2	13545	3	stopgain	ORF1ab	88	44	44	0	0.0	0.0	0.0	0	0	0	0.0	0.0	0.0	0	0	88	1.0	1.0	1.0	44	44	88	[]	[]	0	b'T'	NC_045512.2	Early Stopgain found at refpos 13545, aminoacid position 4425	stopgain supported by majority of fwd and rev reads
124	NC_045512.2	13557	3	stopgain	ORF1ab	84	40	44	0	0.0	0.0	0.0	0	0	0	0.0	0.0	0.0	0	0	84	1.0	1.0	1.0	40	44	84	[]	[]	0	b'T'	NC_045512.2	Early Stopgain found at refpos 13557, aminoacid position 4429	stopgain supported by majority of fwd and rev reads
125	NC_045512.2	13560	3	stopgain	ORF1ab	79	35	44	0	0.0	0.0	0.0	0	0	0	0.0	0.0	0.0	0	0	79	1.0	1.0	1.0	35	44	79	[]	[]	0	b'T'	NC_045512.2	Early Stopgain found at refpos 13560, aminoacid position 4430	stopgain supported by majority of fwd and rev reads
126	NC_045512.2	13578	3	stopgain	ORF1ab	44	0	44	0	0.0	0	0.0	0	0	0	0.0	0	0.0	0	0	44	1.0	0	1.0	0	44	44	[]	[]	0	b'T'	NC_045512.2	Early Stopgain found at refpos 13578, aminoacid position 4436	only fwd or rev reads available, stopgain supported by the majority of them
127	NC_045512.2	13593	3	stopgain	ORF1ab	44	0	44	0	0.0	0	0.0	0	0	0	0.0	0	0.0	0	0	44	1.0	0	1.0	0	44	44	[]	[]	0	b'T'	NC_045512.2	Early Stopgain found at refpos 13593, aminoacid position 4441	only fwd or rev reads available, stopgain supported by the majority of them
128	NC_045512.2	13626	3	stopgain	ORF1ab	44	0	44	0	0.0	0	0.0	0	0	0	0.0	0	0.0	0	0	44	1.0	0	1.0	0	44	44	[]	[]	0	b'T'	NC_045512.2	Early Stopgain found at refpos 13626, aminoacid position 4452	only fwd or rev reads available, stopgain supported by the majority of them
129	NC_045512.2	13638	3	stopgain	ORF1ab	45	0	45	0	0.0	0	0.0	0	0	0	0.0	0	0.0	0	0	45	1.0	0	1.0	0	45	45	[]	[]	0	b'T'	NC_045512.2	Early Stopgain found at refpos 13638, aminoacid position 4456	only fwd or rev reads available, stopgain supported by the majority of them
130	NC_045512.2	13656	3	stopgain	ORF1ab	45	0	45	0	0.0	0	0.0	0	0	0	0.0	0	0.0	0	0	45	1.0	0	1.0	0	45	45	[]	[]	0	b'T'	NC_045512.2	Early Stopgain found at refpos 13656, aminoacid position 4462	only fwd or rev reads available, stopgain supported by the majority of them
131	NC_045512.2	14904	3	stopgain	ORF1ab	107	107	0	0	0.0	0.0	0	0	0	0	0.0	0.0	0	0	0	107	1.0	1.0	0	107	0	107	[]	[]	0	b'T'	NC_045512.2	Early Stopgain found at refpos 14904, aminoacid position 4878	only fwd or rev reads available, stopgain supported by the majority of them
132	NC_045512.2	14910	3	stopgain	ORF1ab	107	107	0	0	0.0	0.0	0	0	0	0	0.0	0.0	0	0	0	107	1.0	1.0	0	107	0	107	[]	[]	0	b'T'	NC_045512.2	Early Stopgain found at refpos 14910, aminoacid position 4880	only fwd or rev reads available, stopgain supported by the majority of them
133	NC_045512.2	14958	3	stopgain	ORF1ab	107	107	0	0	0.0	0.0	0	0	0	0	0.0	0.0	0	0	0	107	1.0	1.0	0	107	0	107	[]	[]	0	b'T'	NC_045512.2	Early Stopgain found at refpos 14958, aminoacid position 4896	only fwd or rev reads available, stopgain supported by the majority of them
134	NC_045512.2	14961	3	stopgain	ORF1ab	107	107	0	0	0.0	0.0	0	0	0	0	0.0	0.0	0	0	0	107	1.0	1.0	0	107	0	107	[]	[]	0	b'T'	NC_045512.2	Early Stopgain found at refpos 14961, aminoacid position 4897	only fwd or rev reads available, stopgain supported by the majority of them
135	NC_045512.2	14970	3	stopgain	ORF1ab	107	107	0	0	0.0	0.0	0	0	0	0	0.0	0.0	0	0	0	107	1.0	1.0	0	107	0	107	[]	[]	0	b'T'	NC_045512.2	Early Stopgain found at refpos 14970, aminoacid position 4900	only fwd or rev reads available, stopgain supported by the majority of them
136	NC_045512.2	14976	3	stopgain	ORF1ab	107	107	0	0	0.0	0.0	0	0	0	0	0.0	0.0	0	0	0	107	1.0	1.0	0	107	0	107	[]	[]	0	b'T'	NC_045512.2	Early Stopgain found at refpos 14976, aminoacid position 4902	only fwd or rev reads available, stopgain supported by the majority of them
137	NC_045512.2	14988	3	stopgain	ORF1ab	107	107	0	0	0.0	0.0	0	0	0	0	0.0	0.0	0	0	0	107	1.0	1.0	0	107	0	107	[]	[]	0	b'T'	NC_045512.2	Early Stopgain found at refpos 14988, aminoacid position 4906	only fwd or rev reads available, stopgain supported by the majority of them
138	NC_045512.2	15003	3	stopgain	ORF1ab	190	107	83	0	0.0	0.0	0.0	0	0	0	0.0	0.0	0.0	0	0	190	1.0	1.0	1.0	107	83	190	[]	[]	0	b'T'	NC_045512.2	Early Stopgain found at refpos 15003, aminoacid position 4911	stopgain supported by majority of fwd and rev reads
139	NC_045512.2	15039	3	stopgain	ORF1ab	213	107	106	0	0.0	0.0	0.0	0	0	0	0.0	0.0	0.0	0	0	213	1.0	1.0	1.0	107	106	213	[]	[]	0	b'T'	NC_045512.2	Early Stopgain found at refpos 15039, aminoacid position 4923	stopgain supported by majority of fwd and rev reads
140	NC_045512.2	15072	3	stopgain	ORF1ab	212	106	106	0	0.0	0.0	0.0	0	0	0	0.0	0.0	0.0	0	0	212	1.0	1.0	1.0	106	106	212	[]	[]	0	b'T'	NC_045512.2	Early Stopgain found at refpos 15072, aminoacid position 4934	stopgain supported by majority of fwd and rev reads
141	NC_045512.2	15084	3	stopgain	ORF1ab	211	104	107	0	0.0	0.0	0.0	0	0	0	0.0	0.0	0.0	0	0	211	1.0	1.0	1.0	104	107	211	[]	[]	0	b'T'	NC_045512.2	Early Stopgain found at refpos 15084, aminoacid position 4938	stopgain supported by majority of fwd and rev reads
142	NC_045512.2	15096	3	stopgain	ORF1ab	208	101	107	0	0.0	0.0	0.0	0	0	0	0.0	0.0	0.0	0	0	208	1.0	1.0	1.0	101	107	208	[]	[]	0	b'T'	NC_045512.2	Early Stopgain found at refpos 15096, aminoacid position 4942	stopgain supported by majority of fwd and rev reads
143	NC_045512.2	15129	3	stopgain	ORF1ab	107	0	107	0	0.0	0	0.0	0	0	0	0.0	0	0.0	0	0	107	1.0	0	1.0	0	107	107	[]	[]	0	b'T'	NC_045512.2	Early Stopgain found at refpos 15129, aminoacid position 4953	only fwd or rev reads available, stopgain supported by the majority of them
144	NC_045512.2	15144	3	stopgain	ORF1ab	107	0	107	0	0.0	0	0.0	0	0	0	0.0	0	0.0	0	0	107	1.0	0	1.0	0	107	107	[]	[]	0	b'T'	NC_045512.2	Early Stopgain found at refpos 15144, aminoacid position 4958	only fwd or rev reads available, stopgain supported by the majority of them
145	NC_045512.2	15186	3	stopgain	ORF1ab	107	0	107	0	0.0	0	0.0	0	0	0	0.0	0	0.0	0	0	107	1.0	0	1.0	0	107	107	[]	[]	0	b'T'	NC_045512.2	Early Stopgain found at refpos 15186, aminoacid position 4972	only fwd or rev reads available, stopgain supported by the majority of them
146	NC_045512.2	15258	3	stopgain	ORF1ab	1739	1739	0	0	0.0	0.0	0	0	0	0	0.0	0.0	0	0	0	1739	1.0	1.0	0	1739	0	1739	[]	[]	0	b'T'	NC_045512.2	Early Stopgain found at refpos 15258, aminoacid position 4996	only fwd or rev reads available, stopgain supported by the majority of them
147	NC_045512.2	15261	3	stopgain	ORF1ab	1739	1739	0	0	0.0	0.0	0	0	0	0	0.0	0.0	0	0	0	1739	1.0	1.0	0	1739	0	1739	[]	[]	0	b'T'	NC_045512.2	Early Stopgain found at refpos 15261, aminoacid position 4997	only fwd or rev reads available, stopgain supported by the majority of them
148	NC_045512.2	15300	3	stopgain	ORF1ab	1735	1735	0	0	0.0	0.0	0	0	0	0	0.0	0.0	0	0	0	1735	1.0	1.0	0	1735	0	1735	[]	[]	0	b'T'	NC_045512.2	Early Stopgain found at refpos 15300, aminoacid position 5010	only fwd or rev reads available, stopgain supported by the majority of them
149	NC_045512.2	15306	3	stopgain	ORF1ab	1735	1735	0	0	0.0	0.0	0	0	0	0	0.0	0.0	0	0	0	1725	0.9942363112391931	0.9942363112391931	0	1725	0	1725	[]	[]	0	b'T'	NC_045512.2	Early Stopgain found at refpos 15306, aminoacid position 5012	only fwd or rev reads available, stopgain supported by the majority of them
150	NC_045512.2	15309	3	stopgain	ORF1ab	1763	1735	28	0	0.0	0.0	0.0	0	0	0	0.0	0.0	0.0	0	0	1763	1.0	1.0	1.0	1735	28	1763	[]	[]	0	b'T'	NC_045512.2	Early Stopgain found at refpos 15309, aminoacid position 5013	stopgain supported by majority of fwd and rev reads
151	NC_045512.2	15321	3	stopgain	ORF1ab	3309	1731	1578	0	0.0	0.0	0.0	0	0	0	0.0	0.0	0.0	0	0	3309	1.0	1.0	1.0	1731	1578	3309	[]	[]	0	b'T'	NC_045512.2	Early Stopgain found at refpos 15321, aminoacid position 5017	stopgain supported by majority of fwd and rev reads
152	NC_045512.2	15330	3	stopgain	ORF1ab	3372	1730	1642	0	0.0	0.0	0.0	0	0	0	0.0	0.0	0.0	0	0	3371	0.9997034400948992	1.0	0.9993909866017052	1730	1641	3371	[]	[]	0	b'T'	NC_045512.2	Early Stopgain found at refpos 15330, aminoacid position 5020	stopgain supported by majority of fwd and rev reads
153	NC_045512.2	15378	3	stopgain	ORF1ab	3431	1710	1721	0	0.0	0.0	0.0	0	0	0	0.0	0.0	0.0	0	0	3429	0.9994170795686389	0.9994152046783625	0.999418942475305	1709	1720	3429	[]	[]	0	b'T'	NC_045512.2	Early Stopgain found at refpos 15378, aminoacid position 5036	stopgain supported by majority of fwd and rev reads
154	NC_045512.2	15399	3	stopgain	ORF1ab	3373	1646	1727	0	0.0	0.0	0.0	0	0	0	0.0	0.0	0.0	0	0	3372	0.9997035280166024	1.0	0.9994209612044007	1646	1726	3372	[]	[]	0	b'T'	NC_045512.2	Early Stopgain found at refpos 15399, aminoacid position 5043	stopgain supported by majority of fwd and rev reads
155	NC_045512.2	15408	3	stopgain	ORF1ab	3305	1576	1729	0	0.0	0.0	0.0	0	0	0	0.0	0.0	0.0	0	0	3304	0.999697428139183	0.9993654822335025	1.0	1575	1729	3304	[]	[]	0	b'T'	NC_045512.2	Early Stopgain found at refpos 15408, aminoacid position 5046	stopgain supported by majority of fwd and rev reads
156	NC_045512.2	15411	3	stopgain	ORF1ab	3277	1548	1729	0	0.0	0.0	0.0	0	0	0	0.0	0.0	0.0	0	0	3276	0.9996948428440647	1.0	0.9994216310005783	1548	1728	3276	[]	[]	0	b'T'	NC_045512.2	Early Stopgain found at refpos 15411, aminoacid position 5047	stopgain supported by majority of fwd and rev reads
157	NC_045512.2	15432	3	stopgain	ORF1ab	1733	1	1732	0	0.0	0.0	0.0	0	0	0	0.0	0.0	0.0	0	0	1732	0.9994229659549914	1.0	0.9994226327944573	1	1731	1732	[]	[]	0	b'T'	NC_045512.2	Early Stopgain found at refpos 15432, aminoacid position 5054	stopgain supported by majority of fwd and rev reads
158	NC_045512.2	15465	3	stopgain	ORF1ab	1740	0	1740	0	0.0	0	0.0	0	0	0	0.0	0	0.0	0	0	1739	0.9994252873563219	0	0.9994252873563219	0	1739	1739	[]	[]	0	b'T'	NC_045512.2	Early Stopgain found at refpos 15465, aminoacid position 5065	only fwd or rev reads available, stopgain supported by the majority of them
159	NC_045512.2	15510	3	stopgain	ORF1ab	1746	0	1746	0	0.0	0	0.0	0	0	0	0.0	0	0.0	0	0	1746	1.0	0	1.0	0	1746	1746	[]	[]	0	b'T'	NC_045512.2	Early Stopgain found at refpos 15510, aminoacid position 5080	only fwd or rev reads available, stopgain supported by the majority of them
160	NC_045512.2	15513	3	stopgain	ORF1ab	1746	0	1746	0	0.0	0	0.0	0	0	0	0.0	0	0.0	0	0	1746	1.0	0	1.0	0	1746	1746	[]	[]	0	b'T'	NC_045512.2	Early Stopgain found at refpos 15513, aminoacid position 5081	only fwd or rev reads available, stopgain supported by the majority of them
161	NC_045512.2	15522	3	stopgain	ORF1ab	1745	0	1745	0	0.0	0	0.0	0	0	0	0.0	0	0.0	0	0	1745	1.0	0	1.0	0	1745	1745	[]	[]	0	b'T'	NC_045512.2	Early Stopgain found at refpos 15522, aminoacid position 5084	only fwd or rev reads available, stopgain supported by the majority of them
162	NC_045512.2	15858	3	stopgain	ORF1ab	1952	1952	0	0	0.0	0.0	0	0	0	0	0.0	0.0	0	0	0	1950	0.9989754098360656	0.9989754098360656	0	1950	0	1950	[]	[]	0	b'T'	NC_045512.2	Early Stopgain found at refpos 15858, aminoacid position 5196	only fwd or rev reads available, stopgain supported by the majority of them
163	NC_045512.2	15870	3	stopgain	ORF1ab	1952	1952	0	0	0.0	0.0	0	0	0	0	0.0	0.0	0	0	0	1952	1.0	1.0	0	1952	0	1952	[]	[]	0	b'T'	NC_045512.2	Early Stopgain found at refpos 15870, aminoacid position 5200	only fwd or rev reads available, stopgain supported by the majority of them
164	NC_045512.2	15900	3	stopgain	ORF1ab	1950	1950	0	0	0.0	0.0	0	0	0	0	0.0	0.0	0	0	0	1949	0.9994871794871795	0.9994871794871795	0	1949	0	1949	[]	[]	0	b'T'	NC_045512.2	Early Stopgain found at refpos 15900, aminoacid position 5210	only fwd or rev reads available, stopgain supported by the majority of them
165	NC_045512.2	15909	3	stopgain	ORF1ab	1950	1950	0	0	0.0	0.0	0	0	0	0	0.0	0.0	0	0	0	1949	0.9994871794871795	0.9994871794871795	0	1949	0	1949	[]	[]	0	b'T'	NC_045512.2	Early Stopgain found at refpos 15909, aminoacid position 5213	only fwd or rev reads available, stopgain supported by the majority of them
166	NC_045512.2	15912	3	stopgain	ORF1ab	1950	1950	0	0	0.0	0.0	0	0	0	0	0.0	0.0	0	0	0	1950	1.0	1.0	0	1950	0	1950	[]	[]	0	b'T'	NC_045512.2	Early Stopgain found at refpos 15912, aminoacid position 5214	only fwd or rev reads available, stopgain supported by the majority of them
167	NC_045512.2	15975	3	stopgain	ORF1ab	3758	1939	1819	0	0.0	0.0	0.0	0	0	0	0.0	0.0	0.0	0	0	3756	0.9994678020223523	0.999484270242393	0.999450247388675	1938	1818	3756	[]	[]	0	b'T'	NC_045512.2	Early Stopgain found at refpos 15975, aminoacid position 5235	stopgain supported by majority of fwd and rev reads
168	NC_045512.2	16008	3	stopgain	ORF1ab	3847	1928	1919	0	0.0	0.0	0.0	0	0	0	0.0	0.0	0.0	0	0	3847	1.0	1.0	1.0	1928	1919	3847	[]	[]	0	b'T'	NC_045512.2	Early Stopgain found at refpos 16008, aminoacid position 5246	stopgain supported by majority of fwd and rev reads
169	NC_045512.2	16050	3	stopgain	ORF1ab	3810	1880	1930	0	0.0	0.0	0.0	0	0	0	0.0	0.0	0.0	0	0	3806	0.9989501312335958	0.999468085106383	0.9984455958549223	1879	1927	3806	[]	[]	0	b'T'	NC_045512.2	Early Stopgain found at refpos 16050, aminoacid position 5260	stopgain supported by majority of fwd and rev reads
170	NC_045512.2	16059	3	stopgain	ORF1ab	3744	1808	1936	0	0.0	0.0	0.0	0	0	0	0.0	0.0	0.0	0	0	3744	1.0	1.0	1.0	1808	1936	3744	[]	[]	0	b'T'	NC_045512.2	Early Stopgain found at refpos 16059, aminoacid position 5263	stopgain supported by majority of fwd and rev reads
171	NC_045512.2	16074	3	stopgain	ORF1ab	3480	1538	1942	0	0.0	0.0	0.0	0	0	0	0.0	0.0	0.0	0	0	3480	1.0	1.0	1.0	1538	1942	3480	[]	[]	0	b'T'	NC_045512.2	Early Stopgain found at refpos 16074, aminoacid position 5268	stopgain supported by majority of fwd and rev reads
172	NC_045512.2	16116	3	stopgain	ORF1ab	1943	0	1943	0	0.0	0	0.0	0	0	0	0.0	0	0.0	0	0	1942	0.9994853319608852	0	0.9994853319608852	0	1942	1942	[]	[]	0	b'T'	NC_045512.2	Early Stopgain found at refpos 16116, aminoacid position 5282	only fwd or rev reads available, stopgain supported by the majority of them
173	NC_045512.2	16119	3	stopgain	ORF1ab	1943	0	1943	0	0.0	0	0.0	0	0	0	0.0	0	0.0	0	0	1943	1.0	0	1.0	0	1943	1943	[]	[]	0	b'T'	NC_045512.2	Early Stopgain found at refpos 16119, aminoacid position 5283	only fwd or rev reads available, stopgain supported by the majority of them
174	NC_045512.2	16164	3	stopgain	ORF1ab	1947	0	1947	0	0.0	0	0.0	0	0	0	0.0	0	0.0	0	0	1947	1.0	0	1.0	0	1947	1947	[]	[]	0	b'T'	NC_045512.2	Early Stopgain found at refpos 16164, aminoacid position 5298	only fwd or rev reads available, stopgain supported by the majority of them
175	NC_045512.2	16167	3	stopgain	ORF1ab	1947	0	1947	0	0.0	0	0.0	0	0	0	0.0	0	0.0	0	0	1947	1.0	0	1.0	0	1947	1947	[]	[]	0	b'T'	NC_045512.2	Early Stopgain found at refpos 16167, aminoacid position 5299	only fwd or rev reads available, stopgain supported by the majority of them
176	NC_045512.2	16170	3	stopgain	ORF1ab	1947	0	1947	0	0.0	0	0.0	0	0	0	0.0	0	0.0	0	0	1946	0.9994863893168978	0	0.9994863893168978	0	1946	1946	[]	[]	0	b'T'	NC_045512.2	Early Stopgain found at refpos 16170, aminoacid position 5300	only fwd or rev reads available, stopgain supported by the majority of them
177	NC_045512.2	16452	3	stopgain	ORF1ab	417	417	0	0	0.0	0.0	0	0	0	0	0.0	0.0	0	0	0	417	1.0	1.0	0	417	0	417	[]	[]	0	b'T'	NC_045512.2	Early Stopgain found at refpos 16452, aminoacid position 5394	only fwd or rev reads available, stopgain supported by the majority of them
178	NC_045512.2	16461	3	stopgain	ORF1ab	418	418	0	0	0.0	0.0	0	0	0	0	0.0	0.0	0	0	0	418	1.0	1.0	0	418	0	418	[]	[]	0	b'T'	NC_045512.2	Early Stopgain found at refpos 16461, aminoacid position 5397	only fwd or rev reads available, stopgain supported by the majority of them
179	NC_045512.2	16473	3	stopgain	ORF1ab	418	418	0	0	0.0	0.0	0	0	0	0	0.0	0.0	0	0	0	418	1.0	1.0	0	418	0	418	[]	[]	0	b'T'	NC_045512.2	Early Stopgain found at refpos 16473, aminoacid position 5401	only fwd or rev reads available, stopgain supported by the majority of them
180	NC_045512.2	16491	3	stopgain	ORF1ab	418	418	0	0	0.0	0.0	0	0	0	0	0.0	0.0	0	0	0	418	1.0	1.0	0	418	0	418	[]	[]	0	b'T'	NC_045512.2	Early Stopgain found at refpos 16491, aminoacid position 5407	only fwd or rev reads available, stopgain supported by the majority of them
181	NC_045512.2	16515	3	stopgain	ORF1ab	418	418	0	0	0.0	0.0	0	0	0	0	0.0	0.0	0	0	0	418	1.0	1.0	0	418	0	418	[]	[]	0	b'T'	NC_045512.2	Early Stopgain found at refpos 16515, aminoacid position 5415	only fwd or rev reads available, stopgain supported by the majority of them
182	NC_045512.2	16533	3	stopgain	ORF1ab	417	417	0	0	0.0	0.0	0	0	0	0	0.0	0.0	0	0	0	417	1.0	1.0	0	417	0	417	[]	[]	0	b'T'	NC_045512.2	Early Stopgain found at refpos 16533, aminoacid position 5421	only fwd or rev reads available, stopgain supported by the majority of them
183	NC_045512.2	16539	3	stopgain	ORF1ab	417	417	0	0	0.0	0.0	0	0	0	0	0.0	0.0	0	0	0	417	1.0	1.0	0	417	0	417	[]	[]	0	b'T'	NC_045512.2	Early Stopgain found at refpos 16539, aminoacid position 5423	only fwd or rev reads available, stopgain supported by the majority of them
184	NC_045512.2	16548	3	stopgain	ORF1ab	417	417	0	0	0.0	0.0	0	0	0	0	0.0	0.0	0	0	0	417	1.0	1.0	0	417	0	417	[]	[]	0	b'T'	NC_045512.2	Early Stopgain found at refpos 16548, aminoacid position 5426	only fwd or rev reads available, stopgain supported by the majority of them
185	NC_045512.2	16554	3	stopgain	ORF1ab	417	417	0	0	0.0	0.0	0	0	0	0	0.0	0.0	0	0	0	417	1.0	1.0	0	417	0	417	[]	[]	0	b'T'	NC_045512.2	Early Stopgain found at refpos 16554, aminoacid position 5428	only fwd or rev reads available, stopgain supported by the majority of them
186	NC_045512.2	16572	3	stopgain	ORF1ab	417	417	0	0	0.0	0.0	0	0	0	0	0.0	0.0	0	0	0	417	1.0	1.0	0	417	0	417	[]	[]	0	b'T'	NC_045512.2	Early Stopgain found at refpos 16572, aminoacid position 5434	only fwd or rev reads available, stopgain supported by the majority of them
187	NC_045512.2	16590	3	stopgain	ORF1ab	778	416	362	0	0.0	0.0	0.0	0	0	0	0.0	0.0	0.0	0	0	774	0.9948586118251928	0.9951923076923077	0.994475138121547	414	360	774	[]	[]	0	b'T'	NC_045512.2	Early Stopgain found at refpos 16590, aminoacid position 5440	stopgain supported by majority of fwd and rev reads
188	NC_045512.2	16605	3	stopgain	ORF1ab	807	416	391	0	0.0	0.0	0.0	0	0	0	0.0	0.0	0.0	0	0	807	1.0	1.0	1.0	416	391	807	[]	[]	0	b'T'	NC_045512.2	Early Stopgain found at refpos 16605, aminoacid position 5445	stopgain supported by majority of fwd and rev reads
189	NC_045512.2	16617	3	stopgain	ORF1ab	823	415	408	0	0.0	0.0	0.0	0	0	0	0.0	0.0	0.0	0	0	823	1.0	1.0	1.0	415	408	823	[]	[]	0	b'T'	NC_045512.2	Early Stopgain found at refpos 16617, aminoacid position 5449	stopgain supported by majority of fwd and rev reads
190	NC_045512.2	16659	3	stopgain	ORF1ab	780	367	413	0	0.0	0.0	0.0	0	0	0	0.0	0.0	0.0	0	0	780	1.0	1.0	1.0	367	413	780	[]	[]	0	b'T'	NC_045512.2	Early Stopgain found at refpos 16659, aminoacid position 5463	stopgain supported by majority of fwd and rev reads
191	NC_045512.2	16671	3	stopgain	ORF1ab	415	1	414	0	0.0	0.0	0.0	0	0	0	0.0	0.0	0.0	0	0	415	1.0	1.0	1.0	1	414	415	[]	[]	0	b'T'	NC_045512.2	Early Stopgain found at refpos 16671, aminoacid position 5467	stopgain supported by majority of fwd and rev reads
192	NC_045512.2	16701	3	stopgain	ORF1ab	416	0	416	0	0.0	0	0.0	0	0	0	0.0	0	0.0	0	0	416	1.0	0	1.0	0	416	416	[]	[]	0	b'T'	NC_045512.2	Early Stopgain found at refpos 16701, aminoacid position 5477	only fwd or rev reads available, stopgain supported by the majority of them
193	NC_045512.2	16713	3	stopgain	ORF1ab	416	0	416	0	0.0	0	0.0	0	0	0	0.0	0	0.0	0	0	416	1.0	0	1.0	0	416	416	[]	[]	0	b'T'	NC_045512.2	Early Stopgain found at refpos 16713, aminoacid position 5481	only fwd or rev reads available, stopgain supported by the majority of them
194	NC_045512.2	16746	3	stopgain	ORF1ab	418	0	418	0	0.0	0	0.0	0	0	0	0.0	0	0.0	0	0	418	1.0	0	1.0	0	418	418	[]	[]	0	b'T'	NC_045512.2	Early Stopgain found at refpos 16746, aminoacid position 5492	only fwd or rev reads available, stopgain supported by the majority of them
195	NC_045512.2	16752	3	stopgain	ORF1ab	418	0	418	0	0.0	0	0.0	0	0	0	0.0	0	0.0	0	0	418	1.0	0	1.0	0	418	418	[]	[]	0	b'T'	NC_045512.2	Early Stopgain found at refpos 16752, aminoacid position 5494	only fwd or rev reads available, stopgain supported by the majority of them
196	NC_045512.2	16764	3	stopgain	ORF1ab	418	0	418	0	0.0	0	0.0	0	0	0	0.0	0	0.0	0	0	418	1.0	0	1.0	0	418	418	[]	[]	0	b'T'	NC_045512.2	Early Stopgain found at refpos 16764, aminoacid position 5498	only fwd or rev reads available, stopgain supported by the majority of them
197	NC_045512.2	16800	3	stopgain	ORF1ab	418	0	418	0	0.0	0	0.0	0	0	0	0.0	0	0.0	0	0	417	0.9976076555023924	0	0.9976076555023924	0	417	417	[]	[]	0	b'T'	NC_045512.2	Early Stopgain found at refpos 16800, aminoacid position 5510	only fwd or rev reads available, stopgain supported by the majority of them
198	NC_045512.2	17097	3	stopgain	ORF1ab	3284	3284	0	0	0.0	0.0	0	0	0	0	0.0	0.0	0	0	0	3280	0.9987819732034104	0.9987819732034104	0	3280	0	3280	[]	[]	0	b'T'	NC_045512.2	Early Stopgain found at refpos 17097, aminoacid position 5609	only fwd or rev reads available, stopgain supported by the majority of them
199	NC_045512.2	17178	3	stopgain	ORF1ab	3269	3269	0	0	0.0	0.0	0	0	0	0	0.0	0.0	0	0	0	3266	0.9990822881615172	0.9990822881615172	0	3266	0	3266	[]	[]	0	b'T'	NC_045512.2	Early Stopgain found at refpos 17178, aminoacid position 5636	only fwd or rev reads available, stopgain supported by the majority of them
200	NC_045512.2	17190	3	stopgain	ORF1ab	3263	3263	0	0	0.0	0.0	0	0	0	0	0.0	0.0	0	0	0	3262	0.9996935335580754	0.9996935335580754	0	3262	0	3262	[]	[]	0	b'T'	NC_045512.2	Early Stopgain found at refpos 17190, aminoacid position 5640	only fwd or rev reads available, stopgain supported by the majority of them
201	NC_045512.2	17220	3	stopgain	ORF1ab	6386	3246	3140	0	0.0	0.0	0.0	0	0	0	0.0	0.0	0.0	0	0	6385	0.9998434074538052	1.0	0.9996815286624203	3246	3139	6385	[]	[]	0	b'T'	NC_045512.2	Early Stopgain found at refpos 17220, aminoacid position 5650	stopgain supported by majority of fwd and rev reads
202	NC_045512.2	17226	3	stopgain	ORF1ab	6431	3245	3186	0	0.0	0.0	0.0	0	0	0	0.0	0.0	0.0	0	0	6429	0.9996890063753693	0.9996918335901387	0.9996861268047709	3244	3185	6429	[]	[]	0	b'T'	NC_045512.2	Early Stopgain found at refpos 17226, aminoacid position 5652	stopgain supported by majority of fwd and rev reads
203	NC_045512.2	17229	3	stopgain	ORF1ab	6444	3244	3200	0	0.0	0.0	0.0	0	0	0	0.0	0.0	0.0	0	0	6443	0.999844816883923	0.999691738594328	1.0	3243	3200	6443	[]	[]	0	b'T'	NC_045512.2	Early Stopgain found at refpos 17229, aminoacid position 5653	stopgain supported by majority of fwd and rev reads
204	NC_045512.2	17265	3	stopgain	ORF1ab	6470	3213	3257	0	0.0	0.0	0.0	0	0	0	0.0	0.0	0.0	0	0	6466	0.9993817619783617	0.9993775287892935	0.999385937979736	3211	3255	6466	[]	[]	0	b'T'	NC_045512.2	Early Stopgain found at refpos 17265, aminoacid position 5665	stopgain supported by majority of fwd and rev reads
205	NC_045512.2	17268	3	stopgain	ORF1ab	6468	3211	3257	0	0.0	0.0	0.0	0	0	0	0.0	0.0	0.0	0	0	6466	0.9996907854050712	0.9996885705387729	0.9996929689898679	3210	3256	6466	[]	[]	0	b'T'	NC_045512.2	Early Stopgain found at refpos 17268, aminoacid position 5666	stopgain supported by majority of fwd and rev reads
206	NC_045512.2	17328	3	stopgain	ORF1ab	3272	0	3272	0	0.0	0	0.0	0	0	0	0.0	0	0.0	0	0	3269	0.9990831295843521	0	0.9990831295843521	0	3269	3269	[]	[]	0	b'T'	NC_045512.2	Early Stopgain found at refpos 17328, aminoacid position 5686	only fwd or rev reads available, stopgain supported by the majority of them
207	NC_045512.2	17355	3	stopgain	ORF1ab	3280	0	3280	0	0.0	0	0.0	0	0	0	0.0	0	0.0	0	0	3280	1.0	0	1.0	0	3280	3280	[]	[]	0	b'T'	NC_045512.2	Early Stopgain found at refpos 17355, aminoacid position 5695	only fwd or rev reads available, stopgain supported by the majority of them
208	NC_045512.2	17358	3	stopgain	ORF1ab	3280	0	3280	0	0.0	0	0.0	0	0	0	0.0	0	0.0	0	0	3280	1.0	0	1.0	0	3280	3280	[]	[]	0	b'T'	NC_045512.2	Early Stopgain found at refpos 17358, aminoacid position 5696	only fwd or rev reads available, stopgain supported by the majority of them
209	NC_045512.2	17382	3	stopgain	ORF1ab	3282	0	3282	0	0.0	0	0.0	0	0	0	0.0	0	0.0	0	0	3280	0.9993906154783668	0	0.9993906154783668	0	3280	3280	[]	[]	0	b'T'	NC_045512.2	Early Stopgain found at refpos 17382, aminoacid position 5704	only fwd or rev reads available, stopgain supported by the majority of them
210	NC_045512.2	17415	3	stopgain	ORF1ab	3288	0	3288	0	0.0	0	0.0	0	0	0	0.0	0	0.0	0	0	3288	1.0	0	1.0	0	3288	3288	[]	[]	0	b'T'	NC_045512.2	Early Stopgain found at refpos 17415, aminoacid position 5715	only fwd or rev reads available, stopgain supported by the majority of them
211	NC_045512.2	17700	3	stopgain	ORF1ab	1159	1159	0	0	0.0	0.0	0	0	0	0	0.0	0.0	0	0	0	1159	1.0	1.0	0	1159	0	1159	[]	[]	0	b'T'	NC_045512.2	Early Stopgain found at refpos 17700, aminoacid position 5810	only fwd or rev reads available, stopgain supported by the majority of them
212	NC_045512.2	17742	3	stopgain	ORF1ab	1160	1160	0	0	0.0	0.0	0	0	0	0	0.0	0.0	0	0	0	1159	0.9991379310344828	0.9991379310344828	0	1159	0	1159	[]	[]	0	b'T'	NC_045512.2	Early Stopgain found at refpos 17742, aminoacid position 5824	only fwd or rev reads available, stopgain supported by the majority of them
213	NC_045512.2	17781	3	stopgain	ORF1ab	1160	1159	1	0	0.0	0.0	0.0	0	0	0	0.0	0.0	0.0	0	0	1160	1.0	1.0	1.0	1159	1	1160	[]	[]	0	b'T'	NC_045512.2	Early Stopgain found at refpos 17781, aminoacid position 5837	stopgain supported by majority of fwd and rev reads
214	NC_045512.2	17835	3	stopgain	ORF1ab	2272	1158	1114	0	0.0	0.0	0.0	0	0	0	0.0	0.0	0.0	0	0	2272	1.0	1.0	1.0	1158	1114	2272	[]	[]	0	b'T'	NC_045512.2	Early Stopgain found at refpos 17835, aminoacid position 5855	stopgain supported by majority of fwd and rev reads
215	NC_045512.2	17859	3	stopgain	ORF1ab	2298	1155	1143	0	0.0	0.0	0.0	0	0	0	0.0	0.0	0.0	0	0	2298	1.0	1.0	1.0	1155	1143	2298	[]	[]	0	b'T'	NC_045512.2	Early Stopgain found at refpos 17859, aminoacid position 5863	stopgain supported by majority of fwd and rev reads
216	NC_045512.2	17886	3	stopgain	ORF1ab	2297	1145	1152	0	0.0	0.0	0.0	0	0	0	0.0	0.0	0.0	0	0	2295	0.9991292990857641	1.0	0.9982638888888888	1145	1150	2295	[]	[]	0	b'T'	NC_045512.2	Early Stopgain found at refpos 17886, aminoacid position 5872	stopgain supported by majority of fwd and rev reads
217	NC_045512.2	17904	3	stopgain	ORF1ab	2256	1100	1156	0	0.0	0.0	0.0	0	0	0	0.0	0.0	0.0	0	0	2256	1.0	1.0	1.0	1100	1156	2256	[]	[]	0	b'T'	NC_045512.2	Early Stopgain found at refpos 17904, aminoacid position 5878	stopgain supported by majority of fwd and rev reads
218	NC_045512.2	17919	3	stopgain	ORF1ab	2093	937	1156	0	0.0	0.0	0.0	0	0	0	0.0	0.0	0.0	0	0	2092	0.9995222169135213	1.0	0.9991349480968859	937	1155	2092	[]	[]	0	b'T'	NC_045512.2	Early Stopgain found at refpos 17919, aminoacid position 5883	stopgain supported by majority of fwd and rev reads
219	NC_045512.2	17967	3	stopgain	ORF1ab	1158	0	1158	0	0.0	0	0.0	0	0	0	0.0	0	0.0	0	0	1158	1.0	0	1.0	0	1158	1158	[]	[]	0	b'T'	NC_045512.2	Early Stopgain found at refpos 17967, aminoacid position 5899	only fwd or rev reads available, stopgain supported by the majority of them
220	NC_045512.2	17970	3	stopgain	ORF1ab	1158	0	1158	0	0.0	0	0.0	0	0	0	0.0	0	0.0	0	0	1158	1.0	0	1.0	0	1158	1158	[]	[]	0	b'T'	NC_045512.2	Early Stopgain found at refpos 17970, aminoacid position 5900	only fwd or rev reads available, stopgain supported by the majority of them
221	NC_045512.2	17982	3	stopgain	ORF1ab	1159	0	1159	0	0.0	0	0.0	0	0	0	0.0	0	0.0	0	0	1158	0.999137187230371	0	0.999137187230371	0	1158	1158	[]	[]	0	b'T'	NC_045512.2	Early Stopgain found at refpos 17982, aminoacid position 5904	only fwd or rev reads available, stopgain supported by the majority of them
222	NC_045512.2	18006	3	stopgain	ORF1ab	1159	0	1159	0	0.0	0	0.0	0	0	0	0.0	0	0.0	0	0	1158	0.999137187230371	0	0.999137187230371	0	1158	1158	[]	[]	0	b'T'	NC_045512.2	Early Stopgain found at refpos 18006, aminoacid position 5912	only fwd or rev reads available, stopgain supported by the majority of them
223	NC_045512.2	18018	3	stopgain	ORF1ab	1158	0	1158	0	0.0	0	0.0	0	0	0	0.0	0	0.0	0	0	1157	0.9991364421416234	0	0.9991364421416234	0	1157	1157	[]	[]	0	b'T'	NC_045512.2	Early Stopgain found at refpos 18018, aminoacid position 5916	only fwd or rev reads available, stopgain supported by the majority of them
224	NC_045512.2	18330	3	stopgain	ORF1ab	4804	4804	0	0	0.0	0.0	0	0	0	0	0.0	0.0	0	0	0	4803	0.9997918401332223	0.9997918401332223	0	4803	0	4803	[]	[]	0	b'T'	NC_045512.2	Early Stopgain found at refpos 18330, aminoacid position 6020	only fwd or rev reads available, stopgain supported by the majority of them
225	NC_045512.2	18384	3	stopgain	ORF1ab	4787	4786	1	0	0.0	0.0	0.0	0	0	0	0.0	0.0	0.0	0	0	4786	0.9997911008982662	0.9997910572503134	1.0	4785	1	4786	[]	[]	0	b'T'	NC_045512.2	Early Stopgain found at refpos 18384, aminoacid position 6038	stopgain supported by majority of fwd and rev reads
226	NC_045512.2	18414	3	stopgain	ORF1ab	4768	4767	1	0	0.0	0.0	0.0	0	0	0	0.0	0.0	0.0	0	0	4766	0.9995805369127517	0.9995804489196559	1.0	4765	1	4766	[]	[]	0	b'T'	NC_045512.2	Early Stopgain found at refpos 18414, aminoacid position 6048	stopgain supported by majority of fwd and rev reads
227	NC_045512.2	18423	3	stopgain	ORF1ab	8000	4758	3242	0	0.0	0.0	0.0	0	0	0	0.0	0.0	0.0	0	0	7999	0.999875	0.9997898276586801	1.0	4757	3242	7999	[]	[]	0	b'T'	NC_045512.2	Early Stopgain found at refpos 18423, aminoacid position 6051	stopgain supported by majority of fwd and rev reads
228	NC_045512.2	18426	3	stopgain	ORF1ab	8001	4756	3245	0	0.0	0.0	0.0	0	0	0	0.0	0.0	0.0	0	0	7999	0.9997500312460942	0.9997897392767031	0.9996918335901387	4755	3244	7999	[]	[]	0	b'T'	NC_045512.2	Early Stopgain found at refpos 18426, aminoacid position 6052	stopgain supported by majority of fwd and rev reads
229	NC_045512.2	18447	3	stopgain	ORF1ab	8003	4727	3276	0	0.0	0.0	0.0	0	0	0	0.0	0.0	0.0	0	0	8002	0.9998750468574285	1.0	0.9996947496947497	4727	3275	8002	[]	[]	0	b'T'	NC_045512.2	Early Stopgain found at refpos 18447, aminoacid position 6059	stopgain supported by majority of fwd and rev reads
230	NC_045512.2	18453	3	stopgain	ORF1ab	8002	4720	3282	0	0.0	0.0	0.0	0	0	0	0.0	0.0	0.0	0	0	7997	0.9993751562109473	0.9995762711864407	0.9990859232175503	4718	3279	7997	[]	[]	0	b'T'	NC_045512.2	Early Stopgain found at refpos 18453, aminoacid position 6061	stopgain supported by majority of fwd and rev reads
231	NC_045512.2	18477	3	stopgain	ORF1ab	7862	4494	3368	0	0.0	0.0	0.0	0	0	0	0.0	0.0	0.0	0	0	7862	1.0	1.0	1.0	4494	3368	7862	[]	[]	0	b'T'	NC_045512.2	Early Stopgain found at refpos 18477, aminoacid position 6069	stopgain supported by majority of fwd and rev reads
232	NC_045512.2	18552	3	stopgain	ORF1ab	3403	0	3403	0	0.0	0	0.0	0	0	0	0.0	0	0.0	0	0	3401	0.9994122832794593	0	0.9994122832794593	0	3401	3401	[]	[]	0	b'T'	NC_045512.2	Early Stopgain found at refpos 18552, aminoacid position 6094	only fwd or rev reads available, stopgain supported by the majority of them
233	NC_045512.2	18561	3	stopgain	ORF1ab	3409	0	3409	0	0.0	0	0.0	0	0	0	0.0	0	0.0	0	0	3409	1.0	0	1.0	0	3409	3409	[]	[]	0	b'T'	NC_045512.2	Early Stopgain found at refpos 18561, aminoacid position 6097	only fwd or rev reads available, stopgain supported by the majority of them
234	NC_045512.2	18573	3	stopgain	ORF1ab	3415	0	3415	0	0.0	0	0.0	0	0	0	0.0	0	0.0	0	0	3412	0.9991215226939971	0	0.9991215226939971	0	3412	3412	[]	[]	0	b'T'	NC_045512.2	Early Stopgain found at refpos 18573, aminoacid position 6101	only fwd or rev reads available, stopgain supported by the majority of them
235	NC_045512.2	18609	3	stopgain	ORF1ab	3422	0	3422	0	0.0	0	0.0	0	0	0	0.0	0	0.0	0	0	3421	0.9997077732320281	0	0.9997077732320281	0	3421	3421	[]	[]	0	b'T'	NC_045512.2	Early Stopgain found at refpos 18609, aminoacid position 6113	only fwd or rev reads available, stopgain supported by the majority of them
236	NC_045512.2	18648	3	stopgain	ORF1ab	3420	0	3420	0	0.0	0	0.0	0	0	0	0.0	0	0.0	0	0	3418	0.9994152046783625	0	0.9994152046783625	0	3418	3418	[]	[]	0	b'T'	NC_045512.2	Early Stopgain found at refpos 18648, aminoacid position 6126	only fwd or rev reads available, stopgain supported by the majority of them
237	NC_045512.2	18921	3	stopgain	ORF1ab	751	751	0	0	0.0	0.0	0	0	0	0	0.0	0.0	0	0	0	751	1.0	1.0	0	751	0	751	[]	[]	0	b'T'	NC_045512.2	Early Stopgain found at refpos 18921, aminoacid position 6217	only fwd or rev reads available, stopgain supported by the majority of them
238	NC_045512.2	18939	3	stopgain	ORF1ab	754	754	0	0	0.0	0.0	0	0	0	0	0.0	0.0	0	0	0	753	0.9986737400530504	0.9986737400530504	0	753	0	753	[]	[]	0	b'T'	NC_045512.2	Early Stopgain found at refpos 18939, aminoacid position 6223	only fwd or rev reads available, stopgain supported by the majority of them
239	NC_045512.2	18942	3	stopgain	ORF1ab	754	754	0	0	0.0	0.0	0	0	0	0	0.0	0.0	0	0	0	753	0.9986737400530504	0.9986737400530504	0	753	0	753	[]	[]	0	b'T'	NC_045512.2	Early Stopgain found at refpos 18942, aminoacid position 6224	only fwd or rev reads available, stopgain supported by the majority of them
240	NC_045512.2	18954	3	stopgain	ORF1ab	754	754	0	0	0.0	0.0	0	0	0	0	0.0	0.0	0	0	0	753	0.9986737400530504	0.9986737400530504	0	753	0	753	[]	[]	0	b'T'	NC_045512.2	Early Stopgain found at refpos 18954, aminoacid position 6228	only fwd or rev reads available, stopgain supported by the majority of them
241	NC_045512.2	18966	3	stopgain	ORF1ab	753	753	0	0	0.0	0.0	0	0	0	0	0.0	0.0	0	0	0	753	1.0	1.0	0	753	0	753	[]	[]	0	b'T'	NC_045512.2	Early Stopgain found at refpos 18966, aminoacid position 6232	only fwd or rev reads available, stopgain supported by the majority of them
242	NC_045512.2	18990	3	stopgain	ORF1ab	753	753	0	0	0.0	0.0	0	0	0	0	0.0	0.0	0	0	0	753	1.0	1.0	0	753	0	753	[]	[]	0	b'T'	NC_045512.2	Early Stopgain found at refpos 18990, aminoacid position 6240	only fwd or rev reads available, stopgain supported by the majority of them
243	NC_045512.2	19038	3	stopgain	ORF1ab	751	750	1	0	0.0	0.0	0.0	0	0	0	0.0	0.0	0.0	0	0	751	1.0	1.0	1.0	750	1	751	[]	[]	0	b'T'	NC_045512.2	Early Stopgain found at refpos 19038, aminoacid position 6256	stopgain supported by majority of fwd and rev reads
244	NC_045512.2	19044	3	stopgain	ORF1ab	798	750	48	0	0.0	0.0	0.0	0	0	0	0.0	0.0	0.0	0	0	798	1.0	1.0	1.0	750	48	798	[]	[]	0	b'T'	NC_045512.2	Early Stopgain found at refpos 19044, aminoacid position 6258	stopgain supported by majority of fwd and rev reads
245	NC_045512.2	19053	3	stopgain	ORF1ab	1421	749	672	0	0.0	0.0	0.0	0	0	0	0.0	0.0	0.0	0	0	1421	1.0	1.0	1.0	749	672	1421	[]	[]	0	b'T'	NC_045512.2	Early Stopgain found at refpos 19053, aminoacid position 6261	stopgain supported by majority of fwd and rev reads
246	NC_045512.2	19071	3	stopgain	ORF1ab	1474	746	728	0	0.0	0.0	0.0	0	0	0	0.0	0.0	0.0	0	0	1472	0.9986431478968792	0.9986595174262735	0.9986263736263736	745	727	1472	[]	[]	0	b'T'	NC_045512.2	Early Stopgain found at refpos 19071, aminoacid position 6267	stopgain supported by majority of fwd and rev reads
247	NC_045512.2	19092	3	stopgain	ORF1ab	1489	744	745	0	0.0	0.0	0.0	0	0	0	0.0	0.0	0.0	0	0	1489	1.0	1.0	1.0	744	745	1489	[]	[]	0	b'T'	NC_045512.2	Early Stopgain found at refpos 19092, aminoacid position 6274	stopgain supported by majority of fwd and rev reads
248	NC_045512.2	19107	3	stopgain	ORF1ab	1488	737	751	0	0.0	0.0	0.0	0	0	0	0.0	0.0	0.0	0	0	1487	0.9993279569892473	1.0	0.9986684420772304	737	750	1487	[]	[]	0	b'T'	NC_045512.2	Early Stopgain found at refpos 19107, aminoacid position 6279	stopgain supported by majority of fwd and rev reads
249	NC_045512.2	19110	3	stopgain	ORF1ab	1487	736	751	0	0.0	0.0	0.0	0	0	0	0.0	0.0	0.0	0	0	1487	1.0	1.0	1.0	736	751	1487	[]	[]	0	b'T'	NC_045512.2	Early Stopgain found at refpos 19110, aminoacid position 6280	stopgain supported by majority of fwd and rev reads
250	NC_045512.2	19122	3	stopgain	ORF1ab	1476	725	751	0	0.0	0.0	0.0	0	0	0	0.0	0.0	0.0	0	0	1476	1.0	1.0	1.0	725	751	1476	[]	[]	0	b'T'	NC_045512.2	Early Stopgain found at refpos 19122, aminoacid position 6284	stopgain supported by majority of fwd and rev reads
251	NC_045512.2	19161	3	stopgain	ORF1ab	753	1	752	0	0.0	0.0	0.0	0	0	0	0.0	0.0	0.0	0	0	752	0.99867197875166	1.0	0.9986702127659575	1	751	752	[]	[]	0	b'T'	NC_045512.2	Early Stopgain found at refpos 19161, aminoacid position 6297	stopgain supported by majority of fwd and rev reads
252	NC_045512.2	19209	3	stopgain	ORF1ab	753	0	753	0	0.0	0	0.0	0	0	0	0.0	0	0.0	0	0	753	1.0	0	1.0	0	753	753	[]	[]	0	b'T'	NC_045512.2	Early Stopgain found at refpos 19209, aminoacid position 6313	only fwd or rev reads available, stopgain supported by the majority of them
253	NC_045512.2	19221	3	stopgain	ORF1ab	753	0	753	0	0.0	0	0.0	0	0	0	0.0	0	0.0	0	0	753	1.0	0	1.0	0	753	753	[]	[]	0	b'T'	NC_045512.2	Early Stopgain found at refpos 19221, aminoacid position 6317	only fwd or rev reads available, stopgain supported by the majority of them
254	NC_045512.2	19236	3	stopgain	ORF1ab	753	0	753	0	0.0	0	0.0	0	0	0	0.0	0	0.0	0	0	753	1.0	0	1.0	0	753	753	[]	[]	0	b'T'	NC_045512.2	Early Stopgain found at refpos 19236, aminoacid position 6322	only fwd or rev reads available, stopgain supported by the majority of them
255	NC_045512.2	19242	3	stopgain	ORF1ab	753	0	753	0	0.0	0	0.0	0	0	0	0.0	0	0.0	0	0	753	1.0	0	1.0	0	753	753	[]	[]	0	b'T'	NC_045512.2	Early Stopgain found at refpos 19242, aminoacid position 6324	only fwd or rev reads available, stopgain supported by the majority of them
256	NC_045512.2	19248	3	stopgain	ORF1ab	753	0	753	0	0.0	0	0.0	0	0	0	0.0	0	0.0	0	0	753	1.0	0	1.0	0	753	753	[]	[]	0	b'T'	NC_045512.2	Early Stopgain found at refpos 19248, aminoacid position 6326	only fwd or rev reads available, stopgain supported by the majority of them
257	NC_045512.2	19260	3	stopgain	ORF1ab	753	0	753	0	0.0	0	0.0	0	0	0	0.0	0	0.0	0	0	753	1.0	0	1.0	0	753	753	[]	[]	0	b'T'	NC_045512.2	Early Stopgain found at refpos 19260, aminoacid position 6330	only fwd or rev reads available, stopgain supported by the majority of them
258	NC_045512.2	19266	3	stopgain	ORF1ab	752	0	752	0	0.0	0	0.0	0	0	0	0.0	0	0.0	0	0	752	1.0	0	1.0	0	752	752	[]	[]	0	b'T'	NC_045512.2	Early Stopgain found at refpos 19266, aminoacid position 6332	only fwd or rev reads available, stopgain supported by the majority of them
259	NC_045512.2	19581	3	stopgain	ORF1ab	277	277	0	0	0.0	0.0	0	0	0	0	0.0	0.0	0	0	0	277	1.0	1.0	0	277	0	277	[]	[]	0	b'T'	NC_045512.2	Early Stopgain found at refpos 19581, aminoacid position 6437	only fwd or rev reads available, stopgain supported by the majority of them
260	NC_045512.2	19590	3	stopgain	ORF1ab	278	278	0	0	0.0	0.0	0	0	0	0	0.0	0.0	0	0	0	278	1.0	1.0	0	278	0	278	[]	[]	0	b'T'	NC_045512.2	Early Stopgain found at refpos 19590, aminoacid position 6440	only fwd or rev reads available, stopgain supported by the majority of them
261	NC_045512.2	19641	3	stopgain	ORF1ab	276	276	0	0	0.0	0.0	0	0	0	0	0.0	0.0	0	0	0	276	1.0	1.0	0	276	0	276	[]	[]	0	b'T'	NC_045512.2	Early Stopgain found at refpos 19641, aminoacid position 6457	only fwd or rev reads available, stopgain supported by the majority of them
262	NC_045512.2	19653	3	stopgain	ORF1ab	275	275	0	0	0.0	0.0	0	0	0	0	0.0	0.0	0	0	0	275	1.0	1.0	0	275	0	275	[]	[]	0	b'T'	NC_045512.2	Early Stopgain found at refpos 19653, aminoacid position 6461	only fwd or rev reads available, stopgain supported by the majority of them
263	NC_045512.2	19665	3	stopgain	ORF1ab	275	275	0	0	0.0	0.0	0	0	0	0	0.0	0.0	0	0	0	275	1.0	1.0	0	275	0	275	[]	[]	0	b'T'	NC_045512.2	Early Stopgain found at refpos 19665, aminoacid position 6465	only fwd or rev reads available, stopgain supported by the majority of them
264	NC_045512.2	19680	3	stopgain	ORF1ab	275	275	0	0	0.0	0.0	0	0	0	0	0.0	0.0	0	0	0	275	1.0	1.0	0	275	0	275	[]	[]	0	b'T'	NC_045512.2	Early Stopgain found at refpos 19680, aminoacid position 6470	only fwd or rev reads available, stopgain supported by the majority of them
265	NC_045512.2	19701	3	stopgain	ORF1ab	534	275	259	0	0.0	0.0	0.0	0	0	0	0.0	0.0	0.0	0	0	534	1.0	1.0	1.0	275	259	534	[]	[]	0	b'T'	NC_045512.2	Early Stopgain found at refpos 19701, aminoacid position 6477	stopgain supported by majority of fwd and rev reads
266	NC_045512.2	19704	3	stopgain	ORF1ab	535	275	260	0	0.0	0.0	0.0	0	0	0	0.0	0.0	0.0	0	0	535	1.0	1.0	1.0	275	260	535	[]	[]	0	b'T'	NC_045512.2	Early Stopgain found at refpos 19704, aminoacid position 6478	stopgain supported by majority of fwd and rev reads
267	NC_045512.2	19725	3	stopgain	ORF1ab	542	273	269	0	0.0	0.0	0.0	0	0	0	0.0	0.0	0.0	0	0	541	0.9981549815498155	0.9963369963369964	1.0	272	269	541	[]	[]	0	b'T'	NC_045512.2	Early Stopgain found at refpos 19725, aminoacid position 6485	stopgain supported by majority of fwd and rev reads
268	NC_045512.2	19734	3	stopgain	ORF1ab	544	272	272	0	0.0	0.0	0.0	0	0	0	0.0	0.0	0.0	0	0	544	1.0	1.0	1.0	272	272	544	[]	[]	0	b'T'	NC_045512.2	Early Stopgain found at refpos 19734, aminoacid position 6488	stopgain supported by majority of fwd and rev reads
269	NC_045512.2	19751	1	deletion	ORF1ab	545	272	273	543	0.9963302752293578	0.9963235294117647	0.9963369963369964	271	272	0	0.0	0.0	0.0	0	0	0	0	0	0	0	0	1	[]	[515, 516, 517, 518, 519, 520, 5198, 8267]	1	b'A'	NC_045512.2	Gap of 1 nucleotide(s) found at refpos 19751, in overlap with an early stop codon at aminoacid position 6493	deletion supported by majority of fwd and rev reads; homopolymeric; neighboring indels may restore reading frame
